,Country Name,Country Code,Indicator Name,Indicator Code,1970,1971,1972,1973,1974,1975,1976,1977,1978,1979,1980,1981,1982,1983,1984,1985,1986,1987,1988,1989,1990,1991,1992,1993,1994,1995,1996,1997,1998,1999,2000,2001,2002,2003,2004,2005,2006,2007,2008,2009,2010,2011,2012,2013,2014,2015,2016,2017,2018,2019,2020,2021,2022,2023
1,Africa Eastern and Southern,AFE,"Air transport, passengers carried",IS.AIR.PSGR,3418300.0,3775300.0,4074500.0,4808000.0,5126100.0,5333100.0,6040400.0,5798900.0,6195600.0,7515200.0,8614600.0,9063100.0,9088900.0,8973900.0,9474400.0,9385300.0,8825600.0,9837400.0,10931600.0,11110800.0,11257400.0,10802900.0,10302700.0,11082400.0,11775500.0,12153400.0,13178400.0,13456500.0,13234700.0,14038500.0,14963609.0,14546112.0,14462573.0,15802323.0,17562611.0,20661751.0,22039609.0,23295972.0,23988552.0,23800085.0,30374164.935204,33507824.2724355,35838679.0148015,35112457.818,36350758.9454475,39154692.0,41553429.0,45423814.08,52613964.0777057,54851421.2852037,19166036.418,24057585.264,35997520.663,46177720.421
2,Afghanistan,AFG,"Air transport, passengers carried",IS.AIR.PSGR,84700.0,97400.0,104900.0,96600.0,96100.0,99000.0,101700.0,111200.0,100400.0,93000.0,76200.0,129100.0,181000.0,200200.0,220400.0,225500.0,184400.0,217900.0,201000.0,220000.0,241400.0,212300.0,212300.0,197000.0,238400.0,250400.0,255600.0,89600.0,52700.0,140200.0,149705.0,,,,,,,,,,1999127.0,2279341.17952861,1737962.12640656,2044188.0,2209428.0,1929907.0,1917924.0,1647425.0,1125367.0,1066747.35619248,449041.025,293212.994,1157419.0,1031379.0
3,Africa Western and Central,AFW,"Air transport, passengers carried",IS.AIR.PSGR,1167000.0,1238100.0,1285700.0,1453300.0,1685700.0,1987500.0,2540000.0,2962100.0,3543900.0,3776100.0,4404900.0,5147600.0,5190100.0,5423600.0,5311800.0,5794300.0,5265300.0,4485000.0,3930700.0,3602400.0,3551000.0,3405900.0,3209800.0,2840600.0,3167100.0,3215200.0,2855900.0,3020900.0,3007600.0,3083500.0,2949248.0,2627404.0,2072438.0,2081206.0,2604956.0,,,,,,7817344.20269785,9140452.12859853,9570161.78756697,8677884.0,8030237.16965056,8696300.0,8129874.0,8837017.0,12337766.2823005,11384912.6350313,5328945.184,7425487.428,9947971.737,10779122.171
4,Angola,AGO,"Air transport, passengers carried",IS.AIR.PSGR,,,,,,,155400.0,282700.0,308000.0,546100.0,635200.0,801100.0,890500.0,952500.0,689600.0,894200.0,727000.0,746000.0,750000.0,509800.0,451500.0,456000.0,440000.0,333500.0,519000.0,552500.0,585000.0,555000.0,552900.0,293800.0,235448.0,193317.0,189619.0,198253.0,222032.0,239795.0,262666.0,277361.0,283887.0,274869.0,1010194.0,987798.0,1132424.0,1321872.0,1409952.0,1244491.0,1482546.0,1375523.0,1516628.0,1436959.0,356695.0,311488.0,895730.0,1321412.0
7,Arab World,ARB,"Air transport, passengers carried",IS.AIR.PSGR,4209300.0,4737000.0,5625600.0,6569400.0,8227100.0,10178000.0,13313000.0,16062400.0,18669700.0,21838000.0,24725900.0,25883200.0,27570500.0,29098800.0,30019300.0,29988100.0,27905400.0,29113000.0,30660000.0,31525100.0,31484000.0,28835100.0,33877100.0,34017400.0,35968300.0,35918200.0,38024200.0,39692100.0,40403700.0,43269900.0,45723758.0,46769231.0,49871837.0,52465002.0,60950501.0,43608649.0,47875367.0,51722644.0,53542019.0,95372047.0,126796491.879128,135837641.389789,152014159.66127,166209279.140784,181627311.076906,195957046.0,214318723.0,223496214.05,232670166.889823,246284712.901893,78203120.459,100893015.318,184943254.355,251729970.991
8,United Arab Emirates,ARE,"Air transport, passengers carried",IS.AIR.PSGR,,,,,127500.0,173000.0,240100.0,299800.0,374500.0,456500.0,521500.0,577800.0,569800.0,601800.0,674200.0,717500.0,935200.0,1093000.0,1329500.0,1481700.0,1685900.0,2041800.0,2508800.0,2936300.0,3368700.0,3550500.0,4063500.0,4720400.0,5263700.0,5840300.0,6893085.0,7675845.0,9667005.0,11609840.0,14314326.0,,,,,31761631.0,44948143.8494121,50342891.8028694,59948766.6976478,68151865.0,75608196.0,84343562.0,91763598.0,95306195.0,95758342.0,93995208.09,26116897.0,28422616.0,68465859.0,91062293.0
9,Argentina,ARG,"Air transport, passengers carried",IS.AIR.PSGR,2332000.0,2218600.0,2358500.0,2312700.0,2943500.0,3299200.0,3293600.0,3884100.0,3946700.0,5023500.0,5588500.0,4890100.0,4595900.0,4399600.0,5163600.0,4713200.0,5034700.0,5405800.0,5068800.0,4748400.0,5369100.0,4545900.0,5251400.0,5104500.0,6260700.0,6641700.0,7913000.0,8599800.0,8446500.0,9191900.0,8915627.0,5808770.0,5662905.0,6036360.0,6795484.0,6938436.0,6611915.0,7036784.0,6147290.0,5694547.0,9025035.31187357,8590839.84977289,9375669.73963746,11951276.8223926,12121912.818,14245183.0,15076354.0,16749271.0,18084553.0,19461377.0,3680874.0,6708097.0,16302525.0,21057811.0
12,Antigua and Barbuda,ATG,"Air transport, passengers carried",IS.AIR.PSGR,,,,,,,,,,,,389000.0,376800.0,385000.0,420000.0,500000.0,600000.0,582000.0,700000.0,740000.0,755000.0,870000.0,913500.0,955000.0,1000000.0,1050000.0,1098000.0,1250000.0,1245200.0,1371300.0,1426114.0,1369069.0,1286925.0,1428487.0,714000.0,778260.0,754912.0,800207.0,813010.0,747969.0,1554309.0,1424420.15538991,1310276.41341743,1218000.0,1216152.0,1039810.0,1042929.0,590517.0,580174.156834825,526333.995080553,356.0,40633.0,35515.2,
13,Australia,AUS,"Air transport, passengers carried",IS.AIR.PSGR,7318700.0,7326600.0,7795600.0,9384600.0,10664700.0,11055100.0,10864300.0,11306500.0,12122300.0,13022500.0,13648800.0,13219500.0,13187900.0,12601500.0,13236800.0,14412100.0,15497300.0,16880200.0,18816300.0,15114300.0,17553400.0,21860100.0,23886600.0,26929300.0,26888500.0,28831400.0,30075100.0,30953500.0,30185700.0,31579700.0,32577569.0,33477398.0,39021581.0,41386432.0,41596552.0,44657324.0,46951775.0,48728837.0,51488427.0,50026967.0,60640913.0,63360310.3377656,66355274.0,68197955.0,68123237.6693167,69779346.0,72446421.0,74257326.0,75667645.0347507,76850596.719,23346254.0,24572955.0,55739422.457,68958577.0
14,Austria,AUT,"Air transport, passengers carried",IS.AIR.PSGR,511400.0,582100.0,706600.0,830900.0,840800.0,912100.0,1060800.0,1136600.0,1238900.0,1301600.0,1284500.0,1358100.0,1447600.0,1498400.0,1514000.0,1708000.0,1640400.0,1879700.0,1964600.0,2283800.0,2532100.0,2605700.0,3024200.0,3296900.0,3747900.0,4265400.0,4718600.0,5153900.0,5871500.0,6056600.0,6641875.0,6550376.0,7070344.0,6902780.0,7619372.0,8037890.0,8785116.0,9140909.0,9140680.0,8520740.0,13493793.0,14088251.6640568,14518841.0529716,15037454.0,15210489.0,14718641.0,14724774.0,16171640.0,12935505.0,46476602.0,13285414.0,18901048.0,40099423.0,46040215.0
17,Belgium,BEL,"Air transport, passengers carried",IS.AIR.PSGR,1366200.0,1402000.0,1457700.0,1562900.0,1606700.0,1585200.0,1682000.0,1839400.0,1976500.0,2042900.0,1974200.0,2053000.0,2000800.0,1956600.0,2031600.0,2188400.0,2233200.0,2362100.0,2604600.0,2812100.0,3132700.0,3018200.0,3146300.0,3650600.0,4192900.0,5000900.0,5173600.0,6872100.0,8748400.0,9965200.0,10738119.0,8489007.0,2341816.0,2904114.0,3264582.0,3340509.0,3641155.0,4078094.0,5878585.0,4858700.0,7528586.30424955,8638553.1,9508165.31494536,9521421.0,10535219.0,11473055.0,12545322.0,13676844.0,13639487.0,14279187.0,3520849.848,5404284.479,10165432.504,11390665.4189623
19,Burkina Faso,BFA,"Air transport, passengers carried",IS.AIR.PSGR,30100.0,31600.0,26500.0,28700.0,32500.0,36200.0,41900.0,47200.0,54700.0,59800.0,72800.0,75800.0,78200.0,93200.0,93400.0,100200.0,158400.0,126600.0,126200.0,131500.0,136600.0,126600.0,126600.0,128500.0,129500.0,137500.0,138400.0,96600.0,101600.0,147200.0,143529.0,100286.0,53236.0,54475.0,61364.0,66273.0,73131.0,77810.0,80543.0,79345.0,160000.0,133709.779171075,125693.696444909,138996.0,117420.0,122590.0,144950.0,145049.0,189545.336876033,185841.0,70228.0,112940.0,94070.0,103592.0
20,Bangladesh,BGD,"Air transport, passengers carried",IS.AIR.PSGR,,,,490000.0,431400.0,490500.0,453300.0,470300.0,544200.0,624200.0,613700.0,591400.0,621500.0,623000.0,741800.0,845300.0,852400.0,861000.0,1004900.0,997400.0,1044100.0,1020800.0,1051500.0,1083100.0,1215900.0,1261400.0,1252000.0,1314700.0,1152500.0,1215400.0,1331369.0,1449980.0,1536102.0,1587606.0,1650276.0,1634473.0,1729451.0,1242865.0,1224222.0,1409414.0,1818901.01882718,2022388.57221573,2195061.68029907,2781708.0,3051914.73321389,3997815.0,3815869.0,4660739.03831114,5677396.0,6260241.0,2984121.694,3750753.0,5267081.561,6628497.0
21,Bulgaria,BGR,"Air transport, passengers carried",IS.AIR.PSGR,988900.0,985200.0,1025000.0,1085000.0,1130000.0,1150000.0,1370000.0,1400000.0,1500000.0,1755000.0,1787500.0,1787000.0,1675000.0,1790000.0,1950000.0,2090000.0,1965300.0,2095000.0,2163600.0,1997700.0,1907000.0,645700.0,814000.0,915800.0,789200.0,862700.0,718200.0,721700.0,827700.0,734700.0,535246.0,233963.0,62798.0,310952.0,476277.0,653703.0,808451.0,855229.0,1073496.0,798165.0,801840.0,932868.0,973062.0,1013220.0,1060147.0,1063498.0,1092333.0,1133069.0,1022645.0,832828.0,443067.0,41126.0,643765.0,723825.0
22,Bahrain,BHR,"Air transport, passengers carried",IS.AIR.PSGR,241000.0,280000.0,320000.0,350000.0,127500.0,173000.0,240100.0,299800.0,374500.0,456500.0,521500.0,577800.0,569800.0,601800.0,674200.0,717500.0,647400.0,621500.0,698400.0,752800.0,770900.0,875500.0,981100.0,1080000.0,1150600.0,1072500.0,1200300.0,1164600.0,1207000.0,1307000.0,1382461.0,1250076.0,1255713.0,1850491.0,2284547.0,,,,,5215512.0,6028980.0,5590998.04060636,5861786.99900694,4626648.0,5171496.0,5313756.0,5220218.0,5190484.0,5877003.0,6440562.0,1451359.0,1840268.0,4692392.0,5734420.0
23,"Bahamas, The",BHS,"Air transport, passengers carried",IS.AIR.PSGR,,,,,,232000.0,245000.0,252000.0,268000.0,314000.0,345000.0,740000.0,724000.0,699000.0,705900.0,860500.0,958200.0,995000.0,1066000.0,1150000.0,1090000.0,1090000.0,835000.0,862000.0,862000.0,936900.0,977500.0,703700.0,701000.0,1719400.0,1860623.0,1625689.0,1543274.0,1601347.0,900000.0,1020000.0,1033407.0,1089636.0,1088876.0,979042.0,967914.0,1056129.5948594,1048391.0668218,576996.0,991463.328879806,900028.0,937476.0,921470.0,1830394.86207463,1856546.0,1272798.762,1065149.134,1303311.916,1465432.189
28,Bolivia,BOL,"Air transport, passengers carried",IS.AIR.PSGR,244000.0,331100.0,379000.0,375700.0,475000.0,652500.0,744700.0,862300.0,1015600.0,1225500.0,1342000.0,1220300.0,1160100.0,1299000.0,1359500.0,1343300.0,1300700.0,1232600.0,1266700.0,1272600.0,1237600.0,1200000.0,1214400.0,1117000.0,1175200.0,1223700.0,1783500.0,2250800.0,2115500.0,1872600.0,1756608.0,1557128.0,1508700.0,1770774.0,1824313.0,1892343.0,1443165.0,1744663.0,1718196.0,1537032.0,1781340.0,2125912.52659794,2206069.76066974,2027888.0,3563043.5828127,4115271.0,3678739.0,4053427.35,4122113.0,4066959.0,2627202.201,4311879.56,5078536.0,5601302.305
29,Brazil,BRA,"Air transport, passengers carried",IS.AIR.PSGR,3339800.0,3911000.0,4671400.0,5842400.0,6855500.0,7772900.0,8799000.0,9514400.0,10621300.0,11856900.0,13008100.0,12594600.0,13168300.0,12605900.0,12948400.0,13402900.0,17194700.0,17068600.0,17010900.0,19410800.0,19149600.0,19153100.0,16388500.0,16535600.0,17898600.0,20196100.0,22011500.0,24307000.0,28091100.0,28205300.0,31287784.0,34285574.0,35889538.0,32372040.0,35263795.0,37661733.0,40945038.0,45286990.0,58763225.0,67945578.0,74627064.0,87860363.0,94752568.0,95591641.0,100403628.0,102039359.0,94142377.0,96395709.0,102109977.0,102917546.0,45405756.0,61896523.0,84337817.0,95398485.0
33,Botswana,BWA,"Air transport, passengers carried",IS.AIR.PSGR,,,,,,,,,,10400.0,39000.0,50000.0,46700.0,50300.0,54500.0,58900.0,54000.0,60100.0,57700.0,82100.0,101300.0,102300.0,111200.0,122600.0,100500.0,99900.0,104000.0,116400.0,123700.0,144100.0,163909.0,169526.0,179041.0,188842.0,212951.0,229987.0,213587.0,227624.0,236182.0,233515.0,290195.0,415864.084403732,415130.020977764,270996.0,205992.0,226549.0,254396.0,223673.0,253417.0,254439.0,,172017.0,124414.5,172720.0
35,Canada,CAN,"Air transport, passengers carried",IS.AIR.PSGR,10180300.0,10247300.0,11628500.0,14626800.0,16367500.0,16712900.0,16833100.0,17466400.0,18472000.0,20846400.0,22453000.0,22097100.0,19653800.0,18107900.0,19382600.0,19688400.0,20378500.0,19946500.0,22379400.0,21273800.0,20601400.0,16586500.0,16818300.0,17516500.0,18104800.0,20291100.0,22856000.0,23981500.0,24653300.0,24602000.0,41767974.0,40451914.0,23323029.0,35884417.0,40701307.0,45229860.0,46726978.0,52103547.0,53718757.0,52583516.0,63277409.3753385,66078011.9547392,70467400.7928687,71526725.918431,75528607.0,80228302.0,85406425.0,91404001.0,91504000.0,93352000.0,27620000.0,24951000.0,66876000.0,88618000.0
36,Central Europe and the Baltics,CEB,"Air transport, passengers carried",IS.AIR.PSGR,3799600.0,3806500.0,4411500.0,4884800.0,4862400.0,5252700.0,5839000.0,6213400.0,6626200.0,7313900.0,6945200.0,6431500.0,5223200.0,5941300.0,6658500.0,6989200.0,6920800.0,7246800.0,7416500.0,7661800.0,7188800.0,4707300.0,6010600.0,6537200.0,7385600.0,7324344.1,8216500.0,8745500.0,9570400.0,9991700.0,11117833.0,11445703.0,11808082.0,14065887.0,16768232.0,19040472.0,20221059.0,23721701.0,25261998.0,24733789.0,32710131.3790042,34477031.5945141,32490649.4684975,35246300.7486676,37875158.1831821,39811670.0,42884394.0,52125994.0,62622491.0,69934611.3,22490703.181,30389422.0,58561897.218,76248099.787
37,Switzerland,CHE,"Air transport, passengers carried",IS.AIR.PSGR,3397400.0,3926200.0,4054100.0,4514400.0,4575000.0,4691800.0,5084900.0,5437100.0,5686800.0,5887400.0,5930100.0,6220600.0,6252200.0,6266800.0,6254500.0,6506200.0,6707800.0,7213900.0,7483500.0,8229500.0,8603400.0,7973600.0,8255700.0,9152000.0,9338200.0,9859000.0,10468300.0,12481600.0,14298900.0,16209000.0,17268093.0,16914823.0,13295500.0,10118096.0,9287315.0,9662619.0,10647142.0,12298456.0,14352757.0,14701206.0,22146864.0,24866065.0,26386306.6034666,27503416.0,27923164.0,27011762.0,25859918.0,26732570.0,28857994.0,30339654.0,9009607.2,10988881.272,22773897.0,27725233.09
39,Chile,CHL,"Air transport, passengers carried",IS.AIR.PSGR,574700.0,690600.0,730000.0,636200.0,505200.0,509700.0,489900.0,589400.0,552700.0,558900.0,668800.0,885700.0,822400.0,651900.0,730800.0,825200.0,875200.0,992400.0,1144100.0,1263800.0,1363600.0,1405900.0,1905800.0,2360000.0,2961700.0,3197200.0,3621900.0,4610000.0,5149800.0,5187700.0,5174876.0,5315623.0,4986727.0,5246787.0,5463753.0,5939020.0,6016649.0,7190963.0,8021939.0,8097314.0,9269026.0,10949863.0,12892856.0,13806283.0,14347893.0,15006762.0,16362437.0,17664974.0,19517185.0,21197759.0,8019753.0,10302876.0,23742201.0,21323388.0
40,China,CHN,"Air transport, passengers carried",IS.AIR.PSGR,,,,,710000.0,1000000.0,1050000.0,1110000.0,1540000.0,2519000.0,2568000.0,3236000.0,3942000.0,3836000.0,5000000.0,7300000.0,10000000.0,12500000.0,17000000.0,11080000.0,16596100.0,19520000.0,27345000.0,31312500.0,37601000.0,47564500.0,51770100.0,52277000.0,53234000.0,55853100.0,61891807.0,72660653.0,83671798.0,86040642.0,119789024.0,136721623.0,158013351.0,183613132.0,191001220.0,229062099.0,266293020.0,292160158.0,318475924.0,352795296.0,390878784.0,436183969.0,487960477.0,551234509.0,611439830.0,659629070.0,417255845.0,440301216.0,250754113.0,619215886.0
41,Cote d'Ivoire,CIV,"Air transport, passengers carried",IS.AIR.PSGR,108700.0,51000.0,47900.0,51600.0,56500.0,95000.0,113700.0,120400.0,132200.0,137300.0,151100.0,379100.0,382300.0,388500.0,397700.0,182700.0,184900.0,183400.0,190700.0,218200.0,200200.0,177700.0,195100.0,186200.0,156900.0,174700.0,178700.0,157600.0,162400.0,259600.0,107979.0,46364.0,,,,,,,,,516085.0,89791.8677663574,39485.4722019258,234996.0,237120.0,642893.0,667062.0,808471.0,825257.0,748540.0,322841.0,569309.0,617913.0,716233.0
42,Cameroon,CMR,"Air transport, passengers carried",IS.AIR.PSGR,65800.0,108500.0,130000.0,211300.0,228200.0,239000.0,296900.0,346700.0,392700.0,402500.0,480000.0,485500.0,634000.0,631000.0,676500.0,718000.0,536100.0,561000.0,582000.0,403400.0,284200.0,356600.0,363100.0,274800.0,295000.0,345000.0,361800.0,279000.0,277900.0,292600.0,273000.0,324114.0,243122.0,315100.0,355610.0,384059.0,424794.0,453051.0,470598.0,466050.0,0.0,171007.2,248027.2,287208.0,275760.0,267208.0,343592.0,236000.0,265136.0,83882.0,40884.0,177992.0,252403.0,331025.0
44,"Congo, Rep.",COG,"Air transport, passengers carried",IS.AIR.PSGR,55800.0,58600.0,54900.0,58600.0,63500.0,69000.0,77400.0,85400.0,102200.0,113300.0,117100.0,154100.0,158300.0,216900.0,227700.0,248500.0,248400.0,220100.0,219700.0,233800.0,238900.0,228900.0,228900.0,230800.0,231800.0,266900.0,252900.0,244500.0,240900.0,132200.0,127541.0,95188.0,46967.0,52268.0,,,,,,,341640.429165812,438178.470407323,703966.421078759,652452.0,553944.0,657927.0,577780.0,333899.0,508978.939934003,541787.136860717,79620.0,157784.0,55954.93,147084.0
45,Colombia,COL,"Air transport, passengers carried",IS.AIR.PSGR,3010200.0,2959700.0,2963600.0,3147300.0,3118000.0,3376100.0,3730000.0,4117300.0,4747100.0,5052400.0,4808200.0,4570100.0,6701500.0,6583900.0,5737400.0,5737300.0,5731300.0,5598500.0,5460000.0,5565100.0,5266700.0,5539900.0,6232100.0,6930200.0,7686500.0,7863300.0,8342100.0,9188900.0,9289700.0,8619200.0,8568734.0,9604390.0,9424850.0,9142585.0,8829094.0,9984424.0,10616356.0,11630594.0,12338706.0,12115330.0,16932435.0,18768534.7701547,22012458.8443775,26929238.0,28675159.0,30909723.0,32262658.0,32504898.0,33704037.0,37031843.0,12273939.724,26167360.0,39535306.0,42399044.0
47,Cabo Verde,CPV,"Air transport, passengers carried",IS.AIR.PSGR,,,,,,,53000.0,55000.0,60000.0,65000.0,75000.0,103100.0,104000.0,122200.0,127000.0,128200.0,150000.0,174000.0,176200.0,176700.0,176900.0,96000.0,100000.0,100000.0,118300.0,124200.0,129200.0,237000.0,236100.0,252300.0,263547.0,242799.0,236577.0,252751.0,560000.0,690000.0,753511.0,793153.0,807957.0,776469.0,570553.0,620394.751123946,597982.600368215,600000.0,590304.0,548908.0,565810.0,336718.0,561944.0,675482.0,226645.666,76354.068,185363.15,71784.4
48,Costa Rica,CRI,"Air transport, passengers carried",IS.AIR.PSGR,255900.0,280400.0,307300.0,314400.0,374300.0,371800.0,390500.0,326800.0,321300.0,366000.0,431200.0,427600.0,458600.0,379600.0,322500.0,310000.0,334700.0,347600.0,400600.0,440800.0,467000.0,507600.0,622800.0,690300.0,773200.0,870400.0,917900.0,991500.0,1169500.0,1055300.0,877833.0,737895.0,675146.0,749885.0,901402.0,953217.0,943143.0,1017054.0,1023665.0,932581.0,1697893.8890269,1829514.94708223,1770111.37834698,1498996.0,1427414.0,1525922.0,1572605.0,1822880.0,1950049.0,2033146.0,455830.6,669298.0,1551970.4,1971057.0
50,Cuba,CUB,"Air transport, passengers carried",IS.AIR.PSGR,873500.0,979200.0,988300.0,805500.0,689200.0,711100.0,716600.0,634800.0,725500.0,819400.0,675600.0,650700.0,135000.0,839400.0,839100.0,894400.0,913200.0,889000.0,963900.0,989800.0,1137500.0,830600.0,733000.0,624100.0,730900.0,823700.0,928700.0,1117000.0,1138400.0,1259000.0,1007193.0,882309.0,588700.0,610957.0,743256.0,812781.0,811559.0,857213.0,861352.0,780484.0,1578011.78867135,1478595.95916068,1313502.68398397,1395072.0,1135200.0,1294458.0,1333078.0,942785.0,563540.0,457130.0,99838.0,22359.0,139585.38,136998.0
53,Cyprus,CYP,"Air transport, passengers carried",IS.AIR.PSGR,106500.0,150200.0,201000.0,233100.0,125700.0,135800.0,225300.0,266300.0,315300.0,387500.0,440800.0,455000.0,454300.0,485300.0,563000.0,613400.0,620500.0,683700.0,696900.0,747700.0,813700.0,819700.0,946800.0,1011000.0,1233900.0,1218900.0,1214100.0,1278100.0,1346400.0,1336700.0,1396076.0,1503427.0,1704780.0,1882981.0,2013254.0,1920516.0,1944138.0,2071648.0,2111205.0,1943949.0,1583627.0,1263117.0,1285976.0,1211208.0,688368.0,23405.0,224653.0,711554.0,401408.0,395436.0,104559.0,103016.0,440203.0,724062.0
54,Czechia,CZE,"Air transport, passengers carried",IS.AIR.PSGR,1171900.0,1092500.0,1364400.0,1367000.0,1514700.0,1621000.0,1656800.0,1538100.0,1680300.0,1758600.0,1460800.0,955000.0,852600.0,908400.0,910700.0,980300.0,991000.0,1069600.0,1153800.0,1168800.0,1095700.0,837400.0,973800.0,1024900.0,1071600.0,1284600.0,1393600.0,1447800.0,1600800.0,1852600.0,2229216.0,2565808.0,2808793.0,3391474.0,4219478.0,4706226.0,4921600.0,4869586.0,4974879.0,5048360.0,5145187.0,4902816.0,3594882.0,5186676.0,5009995.0,3378028.0,4048658.0,5450671.0,8851291.0,5446163.2,929888.181,1418032.0,2176800.0,2175763.454
55,Germany,DEU,"Air transport, passengers carried",IS.AIR.PSGR,6498000.0,7029200.0,7919100.0,7371300.0,8886900.0,9369200.0,10418600.0,10907500.0,11709800.0,12843900.0,13046400.0,12964400.0,12755000.0,13099900.0,14051800.0,14551300.0,15174000.0,17011400.0,17894900.0,19056900.0,22146900.0,24829500.0,27577800.0,29362600.0,32465300.0,34680100.0,40118400.0,45804500.0,49279800.0,54652800.0,57962865.0,56389365.0,61889678.0,72693124.0,82099657.0,90788848.0,99647314.0,106101747.0,107941584.0,103396735.0,97330734.2807591,107042775.791182,105978474.526384,109062321.51578,112353098.59355,117222850.0,116713587.0,114160685.0,109796202.17431,109633750.727,25758450.0,33073180.0,69045135.0,80199572.0
59,Dominican Republic,DOM,"Air transport, passengers carried",IS.AIR.PSGR,128800.0,182700.0,191500.0,150000.0,160000.0,302100.0,359300.0,424800.0,429600.0,454600.0,466300.0,440300.0,413900.0,446700.0,605000.0,733600.0,614500.0,298700.0,350500.0,479500.0,718000.0,264200.0,322900.0,327900.0,300200.0,67400.0,29500.0,33600.0,33500.0,10400.0,,,,,,,,,,,19167.0,28232.1,28442.05,20004.0,16128.0,14463.0,11903.0,,,113752.0,31391.0,69447.0,392830.0,996238.0
60,Algeria,DZA,"Air transport, passengers carried",IS.AIR.PSGR,563200.0,714800.0,843900.0,1053600.0,1252100.0,1618000.0,1681600.0,1997100.0,2229000.0,2663400.0,2950000.0,3000000.0,3150000.0,3410500.0,3781000.0,3965900.0,3689900.0,3566900.0,3655000.0,3862300.0,3748000.0,3385000.0,3551100.0,3254500.0,3241000.0,3477800.0,3494100.0,3517700.0,3381800.0,2936800.0,2997480.0,3419249.0,3002232.0,3292815.0,3236364.0,3037298.0,2899722.0,2813018.0,2884506.0,4370917.0,3372283.0,3543663.0,4082595.0,4492436.96334419,5021288.96334419,5400896.0,6093416.0,6230157.0,6442442.0,6752002.0,1460077.0,1949936.0,4621351.0,7160662.35
61,East Asia & Pacific (excluding high income),EAP,"Air transport, passengers carried",IS.AIR.PSGR,,,,,10458800.0,11774800.0,12545500.0,13571100.0,15667800.0,17767700.0,19463300.0,22763000.0,23994200.0,24162000.0,27209100.0,30078100.0,34762200.0,40027200.0,47778100.0,44109000.0,52224800.0,57949100.0,69094200.0,77190600.0,88857400.0,104320600.0,110862300.0,107721300.0,106380600.0,105525000.0,117475001.0,131899488.0,144954360.0,145986148.0,202945818.0,220887277.0,244449016.0,277768225.0,287719256.0,326293542.0,430814825.832616,482470567.060299,526045298.37355,579794849.840183,640165915.141246,708798867.0,790494215.0,881698293.0,964324620.095903,1003476407.1326,545598407.498,516080253.789,455342912.802,921682880.487
62,Early-demographic dividend,EAR,"Air transport, passengers carried",IS.AIR.PSGR,23504800.0,24773900.0,28315800.0,32223400.0,35817700.0,42393800.0,50085900.0,57485600.0,64497000.0,72296400.0,77945100.0,81825400.0,84299300.0,88030100.0,94420700.0,95843400.0,97108600.0,102698800.0,106126700.0,110458200.0,109133700.0,105647800.0,118459100.0,121137600.0,131391900.0,134162100.0,139817900.0,146347300.0,144205700.0,142004200.0,149713878.0,160513615.0,149570435.0,160293889.0,190654278.0,202084384.0,224730790.0,245988633.0,244712190.0,259076645.0,370779756.654016,411779408.113943,443984379.688308,473370786.86842,518240248.925875,566264222.0,621441555.0,679891167.720311,741133708.202807,734632530.410995,289010892.017,373606823.428,594763104.479,772166413.062
63,East Asia & Pacific,EAS,"Air transport, passengers carried",IS.AIR.PSGR,,,,,55002800.0,57020100.0,60206300.0,69217300.0,77737300.0,87068700.0,89147600.0,95951900.0,95443200.0,95932600.0,104993100.0,111257200.0,119684900.0,133303700.0,149927400.0,154389196.0,174905500.0,188860300.0,208797800.0,221775804.0,243006604.0,273666300.0,292148204.0,298428300.0,300493300.0,312218196.0,337766614.0,351529526.0,374787907.0,366358229.0,429868117.0,454655578.0,486160240.0,523755806.0,535907588.0,555699740.0,726070353.122889,769209920.740995,809282604.511398,893899315.839378,965572758.226383,1052102292.0,1155866926.0,1266613885.0,1363722227.08479,1415410517.3106,673223022.999,632631258.508,682453993.172,1278373522.87
66,Ecuador,ECU,"Air transport, passengers carried",IS.AIR.PSGR,419500.0,457500.0,437800.0,380200.0,362200.0,448100.0,463300.0,528600.0,593300.0,632900.0,701000.0,691700.0,676300.0,618000.0,634000.0,664200.0,697200.0,692000.0,683700.0,741800.0,762500.0,752300.0,1473900.0,2122400.0,2118700.0,1670900.0,1925200.0,1790600.0,1918800.0,1386700.0,1318518.0,1284922.0,1184098.0,1521249.0,1828303.0,2011004.0,2110423.0,2630759.0,2926821.0,2896528.0,4818305.0,4714115.0,4758406.30677172,5157521.0,5675088.0,5677816.0,5099726.0,5121235.0,5365261.0,4827978.0,1146368.544,1534854.0,3211808.0,4567423.0
67,"Egypt, Arab Rep.",EGY,"Air transport, passengers carried",IS.AIR.PSGR,542500.0,515400.0,623100.0,656300.0,837000.0,916900.0,1112700.0,1282400.0,1426300.0,1689800.0,2027700.0,2232600.0,2433200.0,2617700.0,2786200.0,2786200.0,2350100.0,2891200.0,3192100.0,3418600.0,3239200.0,2595400.0,3608600.0,2880500.0,3537500.0,3897200.0,4282400.0,4416300.0,3894900.0,4620100.0,4521702.0,4389163.0,4526688.0,4180814.0,4621310.0,4888146.0,4988262.0,5829044.0,6688999.0,6215870.0,9518106.01323615,7708160.10711224,9081175.14629562,10593780.1774399,10278013.1135622,11109554.0,11844962.0,11748510.0,12386010.0,13206889.61,4638192.256,5563387.0,12152219.0,16672111.302
68,Euro area,EMU,"Air transport, passengers carried",IS.AIR.PSGR,39643000.0,43871800.0,48582800.0,52394200.0,54363300.0,56735600.0,61089600.0,66529900.0,72757200.0,76943200.0,78070300.0,80934800.0,83756300.0,85330500.0,89014400.0,94216800.0,94997000.0,105072500.0,114465600.0,124135000.0,134459400.0,131525300.0,144703800.0,149754800.0,160555900.0,171989144.1,191163800.0,210769200.0,219943000.0,239853500.0,260651401.0,258252629.0,259641964.0,289864210.0,317642184.0,346114957.0,376747784.0,409514461.0,410733285.0,403561685.0,416465001.051461,441148081.659968,439748948.516337,442802171.33378,460185935.950749,496898700.0,529564099.0,560783691.0,584797943.268714,639868656.158,190032931.787,252461520.31,528749566.556,610495726.388962
70,Spain,ESP,"Air transport, passengers carried",IS.AIR.PSGR,6347400.0,7505400.0,8654900.0,9964000.0,10198100.0,10959100.0,11801100.0,13328200.0,15369000.0,15683000.0,15089000.0,14601800.0,14637600.0,14538000.0,14283900.0,14850700.0,15403500.0,16553300.0,18983200.0,20270300.0,21652000.0,20944600.0,23385800.0,22279400.0,22361300.0,25765700.0,27759200.0,30315700.0,31594100.0,33559400.0,39711776.0,41469789.0,40380629.0,42506835.0,45539952.0,49855007.0,53122464.0,60664991.0,55213716.0,49289158.0,52847712.6083233,52736140.9250126,48089178.327112,48056735.818,53069339.0,60564041.0,66674868.0,71598374.0,80706703.0,88237165.272,26557077.999,43440479.727,80908169.2,94101520.461
72,Ethiopia,ETH,"Air transport, passengers carried",IS.AIR.PSGR,231600.0,263100.0,288500.0,309200.0,268700.0,244300.0,288000.0,226100.0,185800.0,197400.0,242900.0,327600.0,335300.0,357500.0,398800.0,471200.0,527500.0,594100.0,592600.0,650800.0,620300.0,635600.0,756400.0,752000.0,716400.0,749900.0,743000.0,772300.0,789900.0,861400.0,944595.0,1027528.0,1103184.0,1117329.0,1403293.0,1667316.0,1720306.0,2290179.0,2715017.0,2914056.0,3347022.0,4440917.69083987,5001121.86524561,5671501.0,6274582.0,7074779.0,8242114.0,9566378.0,11501244.0,12631216.0,4940183.0,7065954.0,10769724.0,15273254.0
73,European Union,EUU,"Air transport, passengers carried",IS.AIR.PSGR,47767900.0,52648900.0,58293200.0,62913900.0,64977900.0,67971100.0,73633200.0,79541900.0,86861500.0,93006700.0,93554600.0,96063300.0,98607500.0,101810300.0,106237300.0,112309600.0,114465700.0,125896200.0,136470700.0,147372400.0,157891000.0,150528000.0,164292000.0,169958600.0,182625300.0,193536844.1,213329200.0,235129900.0,245065100.0,266190600.0,288449342.0,286388891.0,287161373.0,317807082.0,347767674.0,359471494.0,390742949.0,425646377.0,427781328.0,419908189.0,483874507.227712,515081475.254482,514301800.984834,522944433.082448,548633990.776732,588104162.0,620961607.0,657059035.0,691558405.268714,752764693.96,224581685.7655,300510412.943,597439598.556,700152461.175962
74,Fragile and conflict affected situations,FCS,"Air transport, passengers carried",IS.AIR.PSGR,4293500.0,4830800.0,5380800.0,6018800.0,6572200.0,7788200.0,9502900.0,10807400.0,11927200.0,13205700.0,14837000.0,15712200.0,16017600.0,16043200.0,14980500.0,15874800.0,16257900.0,16423100.0,18809400.0,19924600.0,17110900.0,16253700.0,21066700.0,16134800.0,14243900.0,13230400.0,13385700.0,13161200.0,12828900.0,13668700.0,13644350.0,18495379.0,16191622.0,13756737.0,16934120.0,17404468.0,19959287.0,20199039.0,22723429.0,22127432.0,33183814.0544826,39379075.2266081,38732387.243884,38896500.17336,40338413.2732372,39233518.0,39962744.0,41551466.05,48929733.4403624,48048008.9975303,18073886.216,25439426.874,33906329.726,41000229.244
75,Finland,FIN,"Air transport, passengers carried",IS.AIR.PSGR,1279500.0,1394800.0,1535800.0,1697500.0,1884600.0,2048300.0,2040400.0,1836300.0,1993400.0,2345800.0,2512200.0,2751100.0,2815100.0,2797300.0,2991300.0,3153300.0,2987800.0,3626100.0,4009900.0,4299500.0,4450200.0,3998700.0,3898400.0,3947500.0,4492000.0,5211900.0,5597500.0,6002300.0,6771100.0,6241600.0,6828143.0,6697556.0,6415606.0,6183906.0,7049416.0,7075195.0,7597125.0,8288683.0,7916485.0,7423265.0,8685772.86832543,9508050.0,10731828.4925915,10467321.0,10992792.0,13035848.0,13754228.0,12209646.0,13364839.0,14610547.0,3500299.0,2805555.0,9040754.0,10794518.0
76,Fiji,FJI,"Air transport, passengers carried",IS.AIR.PSGR,,,,257100.0,296200.0,300000.0,313000.0,305000.0,280000.0,310000.0,322000.0,319300.0,330000.0,309300.0,324800.0,320200.0,313400.0,309700.0,382000.0,458800.0,433400.0,413700.0,426000.0,424200.0,464600.0,494500.0,479600.0,516900.0,516200.0,549800.0,586043.0,612727.0,715000.0,972000.0,836719.0,870571.0,932394.0,960546.0,946138.0,1146591.0,1259009.0,1276205.48,1225268.56188571,1161936.0,1243824.0,1336976.0,1402765.0,1557876.0,1670216.0,1700293.0,409104.0,133708.0,1168544.946,2154560.0
77,France,FRA,"Air transport, passengers carried",IS.AIR.PSGR,9108000.0,9569200.0,11285100.0,11957500.0,12159300.0,13112800.0,14301900.0,15431300.0,16821200.0,17967000.0,19521000.0,21591200.0,22372400.0,23278100.0,23694300.0,24491900.0,25211400.0,27950200.0,30667300.0,33975500.0,35963900.0,33127800.0,33963900.0,35625600.0,38170400.0,36020400.0,41252600.0,43400700.0,42232400.0,49536300.0,52581312.0,50476541.0,49305864.0,47258820.0,48543473.0,52477178.0,59537872.0,61551258.0,61214656.0,58318312.0,60864422.1135135,64185339.3411299,64683769.0243213,63925151.0,63434263.0,65039503.0,65362743.0,68316473.0,70188028.0,71289277.0,24956343.0,32000528.0,59323269.0,64644716.0
80,Gabon,GAB,"Air transport, passengers carried",IS.AIR.PSGR,120200.0,125500.0,122800.0,130300.0,136200.0,139700.0,190400.0,176700.0,170000.0,175000.0,331100.0,340000.0,421000.0,428300.0,436100.0,456000.0,459500.0,393100.0,382800.0,406700.0,398300.0,436000.0,471400.0,302300.0,505200.0,508200.0,431300.0,468500.0,466700.0,423100.0,446688.0,373904.0,365877.0,385529.0,430873.0,465343.0,508368.0,535324.0,545640.0,524867.0,243635.528989967,121233.395658112,42729.3194712764,0.0,,137331.0,77320.0,,,,,,,
81,United Kingdom,GBR,"Air transport, passengers carried",IS.AIR.PSGR,15568800.0,15796000.0,17308500.0,18959700.0,18062600.0,18074900.0,19472900.0,19484500.0,23186100.0,25312100.0,25551200.0,24578700.0,23872500.0,23376200.0,25825700.0,28229400.0,29373100.0,33705300.0,37573100.0,46354400.0,47113600.0,42861200.0,47819400.0,50187900.0,55475500.0,59688800.0,64208500.0,62763200.0,61940200.0,65738296.0,70436030.0,70331725.0,72381196.0,76388660.0,86054762.0,93602879.0,97544631.0,101622807.0,104713553.0,102464509.0,101515720.193399,111598546.141229,115419920.565667,118605866.0,124901676.052681,131512994.0,143781714.0,151159067.0,165388610.0,142392528.0,30237827.0,26631932.0,95908282.0,118945920.0
83,Ghana,GHA,"Air transport, passengers carried",IS.AIR.PSGR,116700.0,135600.0,131700.0,135600.0,148200.0,153800.0,233500.0,248800.0,309700.0,330400.0,279000.0,288800.0,230000.0,271400.0,261000.0,252600.0,247900.0,224400.0,247800.0,231900.0,188100.0,191700.0,206000.0,152400.0,182500.0,185900.0,197200.0,210600.0,209800.0,304100.0,314335.0,301135.0,255630.0,241111.0,96444.0,,,,,,169030.949606142,491583.034446243,691271.96142731,396372.0,407544.0,390457.0,359516.0,681691.0,467624.0,597343.0,321437.0,559393.0,548131.0,440680.0
88,Equatorial Guinea,GNQ,"Air transport, passengers carried",IS.AIR.PSGR,,8500.0,9000.0,9500.0,10000.0,10500.0,11000.0,12000.0,12000.0,13000.0,13300.0,13300.0,13300.0,13300.0,13400.0,13700.0,13700.0,13700.0,27600.0,14000.0,14000.0,14000.0,14000.0,14000.0,14000.0,14700.0,14700.0,20900.0,20800.0,,,,,,,,,,,,25969.3823646158,130197.6,316620.85,401712.0,303024.0,400758.0,458222.0,496322.0,404301.328013225,425475.0,138898.0,31268.0,170923.0,118426.998
89,Greece,GRC,"Air transport, passengers carried",IS.AIR.PSGR,1614700.0,2021400.0,2412600.0,2802600.0,2304600.0,2832600.0,3541000.0,3883900.0,4670500.0,5021100.0,4891300.0,4900700.0,5633900.0,5811800.0,6878400.0,7456600.0,6479500.0,6567600.0,6659700.0,6632000.0,6134600.0,4937000.0,5465500.0,5478100.0,5812900.0,6006000.0,6396000.0,7060800.0,6403400.0,6590700.0,7937434.0,8430333.0,7579225.0,7518932.0,9276954.0,9452219.0,9481314.0,10206223.0,9442743.0,8795133.0,10352657.531181,9569211.41941763,8785275.45592775,8761116.0,11152236.0,11237054.0,12689082.0,13852857.0,15125933.5152598,16124738.33,5647917.0,8726345.0,15309117.0,19090513.0
92,Guatemala,GTM,"Air transport, passengers carried",IS.AIR.PSGR,112500.0,101100.0,98000.0,43000.0,88800.0,113500.0,119000.0,137800.0,136300.0,156300.0,118900.0,124400.0,114600.0,99500.0,124000.0,108400.0,103100.0,114800.0,98900.0,110200.0,156000.0,165000.0,230000.0,240000.0,252000.0,300000.0,300000.0,508400.0,506400.0,,,,,,,,,,,,313892.0,326146.206150004,288013.900825685,78264.0,69768.0,93129.0,111830.0,155524.0,145795.0,107350.0,25217.454,1766.181,,221478.0
94,Guyana,GUY,"Air transport, passengers carried",IS.AIR.PSGR,17800.0,18700.0,19000.0,20000.0,22000.0,24000.0,26000.0,27000.0,27000.0,27500.0,27500.0,81500.0,93000.0,93000.0,100000.0,104000.0,122500.0,128500.0,135200.0,143000.0,145700.0,111900.0,115300.0,115300.0,115300.0,121100.0,126000.0,126000.0,125500.0,70400.0,73256.0,47800.0,,,,,,,,,273160.0,340267.623207221,247780.347691014,0.0,0.0,,,,26069.0,28697.0,17990.0,7512.0,,
95,High income,HIC,"Air transport, passengers carried",IS.AIR.PSGR,274021792.0,293632104.0,323380508.0,352653400.0,365527500.0,368379000.0,399004296.0,433210192.0,486896804.0,548431700.0,535021888.0,527699200.0,536681908.0,563665396.0,604357588.0,649375704.0,700019896.0,753101504.0,791975912.0,819231600.0,854489516.0,962590704.0,943705492.0,938427016.0,1008489904.0,1059026140.1,1134170504.0,1187713892.0,1197655880.0,1291119300.0,1382934485.0,1337346895.0,1308320075.0,1337835813.0,1486852128.0,1531848259.0,1587174681.0,1665148129.0,1639491738.0,1627825313.0,1850477782.09661,1919235819.59471,1958181258.34131,2030135809.00007,2122272920.86093,2248007510.0,2366901655.0,2483414750.0,2607490599.83649,2717436455.22308,930341104.7185,1346415630.068,2141202835.091,2587745705.00096
98,Heavily indebted poor countries (HIPC),HPC,"Air transport, passengers carried",IS.AIR.PSGR,3070800.0,3354500.0,3415000.0,3636500.0,4026800.0,4387200.0,5101500.0,5193400.0,5664300.0,6468300.0,6969100.0,7255200.0,7394400.0,7618200.0,7991800.0,7460400.0,7178000.0,7293000.0,7551600.0,7301700.0,7434000.0,6618700.0,6719700.0,6433300.0,6139600.0,6114500.0,6751600.0,6925200.0,6968200.0,6849500.0,6492929.0,5967306.0,,,,,,,,,14165092.2265473,17296028.4634335,18073364.0300627,18079383.818,19361000.3208803,20661772.0,20915140.0,23844385.43,26411525.9143882,27353506.8673374,12330289.393,19149959.028,28677964.067,34616841.448
101,Hungary,HUN,"Air transport, passengers carried",IS.AIR.PSGR,282300.0,268200.0,266300.0,330000.0,456500.0,414100.0,427200.0,555000.0,659000.0,830200.0,874300.0,1017000.0,1020700.0,957300.0,1038500.0,1116100.0,1150600.0,1231400.0,1176400.0,1316300.0,1363100.0,910700.0,1029100.0,1216900.0,1325400.0,1310900.0,1563400.0,1634700.0,1749200.0,1943500.0,2197521.0,2023385.0,2098760.0,2260849.0,2546234.0,2735214.0,2591666.0,3133574.0,3111575.0,2952885.0,12477063.1762511,13729553.5346856,12289555.0764284,13926540.0,16482060.0,20043787.0,21399963.0,26066294.0,31226848.0,39803373.0,14597294.0,20127200.0,41287305.0,55613579.0
102,IBRD only,IBD,"Air transport, passengers carried",IS.AIR.PSGR,,,,,52256400.0,59986400.0,67639700.0,74606100.0,82259300.0,92654000.0,98295300.0,103937600.0,107839700.0,110636700.0,117521000.0,123016500.0,131997800.0,141498500.0,150844100.0,153408100.0,158485200.0,287136700.0,248061600.0,226607300.0,241517000.0,259045344.1,268001900.0,277356500.0,275235900.0,280152600.0,299999947.0,329558482.0,332945411.0,344238460.0,418548570.0,454613218.0,503025441.0,567811264.0,599047740.0,651945668.0,847130576.388843,944928973.233205,1025438937.46723,1118305417.53004,1217785695.41695,1336122124.0,1454514951.0,1612997443.14,1761801271.05385,1827957939.65008,888849229.383,1016713783.182,1155213101.321,1754231107.673
103,IDA & IBRD total,IBT,"Air transport, passengers carried",IS.AIR.PSGR,,,,,59704400.0,68627800.0,78144400.0,85608500.0,94605300.0,106205500.0,113491300.0,120427500.0,124759200.0,128064000.0,135574400.0,141593700.0,150467600.0,159913300.0,170496100.0,172706400.0,178700100.0,306448300.0,271850700.0,249315900.0,264620500.0,281495744.1,290119200.0,300379900.0,298474600.0,303852900.0,323854019.0,353461238.0,354836889.0,366713422.0,444743421.0,482971713.0,533670988.0,599627079.0,631333677.0,683927328.0,891956142.164426,997808123.775953,1080347426.56044,1174597728.92127,1276673084.40434,1396421827.0,1517531639.0,1680834867.77031,1840061201.44965,1904674595.80028,921825835.906,1057614059.294,1223474787.796,1835302970.37
104,IDA total,IDA,"Air transport, passengers carried",IS.AIR.PSGR,5689700.0,5878600.0,5692700.0,7016200.0,7448000.0,8641400.0,10504700.0,11002400.0,12346000.0,13551500.0,15196000.0,16489900.0,16919500.0,17427300.0,18053400.0,18577200.0,18469800.0,18414800.0,19652000.0,19298300.0,20214900.0,19311600.0,23789100.0,22708600.0,23103500.0,22450400.0,22117300.0,23023400.0,23238700.0,23700300.0,23854072.0,23902756.0,21891478.0,22474962.0,26194851.0,28358495.0,30645547.0,31815815.0,32285937.0,31981660.0,44825565.7755834,52879150.5427477,54908489.0932079,56292311.3912287,58887388.9873868,60299703.0,63016688.0,67837424.6303111,78259930.3957999,76716656.1501955,32976606.523,40900276.112,68261686.475,81071862.697
105,IDA blend,IDB,"Air transport, passengers carried",IS.AIR.PSGR,2178100.0,2010100.0,1676600.0,2392700.0,2519200.0,3475700.0,4521100.0,5055400.0,6095500.0,6508600.0,7651300.0,8508300.0,8607500.0,8909600.0,9124100.0,9872100.0,9698400.0,9567100.0,9749600.0,9839300.0,9990900.0,10021000.0,14206200.0,12073300.0,12567700.0,12060300.0,11215900.0,12261200.0,12077000.0,12871300.0,12488694.0,13226141.0,10630205.0,10928146.0,12260903.0,13497275.0,14947598.0,15305440.0,15704907.0,15268647.0,21649001.4291658,24341190.6917028,25391549.2194775,25101613.687732,25549960.3433395,26835661.0,27887751.0,26732821.0,31196191.2806177,31409370.3509508,13485781.729,16820671.411,24938080.698,28432267.54
106,Indonesia,IDN,"Air transport, passengers carried",IS.AIR.PSGR,826400.0,994500.0,1286800.0,1787400.0,2219700.0,2527500.0,3103200.0,3781300.0,4431100.0,4656100.0,5059100.0,6098100.0,6028700.0,5567500.0,6494300.0,6468100.0,7115400.0,7568900.0,8823700.0,8983400.0,9223100.0,10401800.0,11176800.0,12009000.0,13924500.0,15977200.0,17138800.0,12650200.0,12613600.0,8046800.0,9916365.0,12453812.0,12113452.0,12221066.0,26780550.0,26835524.0,29867483.0,30405918.0,29766093.0,27421235.0,59384361.605798,70912258.1090481,79405799.80957,81721356.0,85215879.5097387,90095131.0,99274010.0,108393123.0,115154100.909,91323153.0,37523686.817,33549828.0,58991326.0,97045784.754
107,IDA only,IDX,"Air transport, passengers carried",IS.AIR.PSGR,3511600.0,3868500.0,4016100.0,4623500.0,4928800.0,5165700.0,5983600.0,5947000.0,6250500.0,7042900.0,7544700.0,7981600.0,8312000.0,8517700.0,8929300.0,8705100.0,8771400.0,8847700.0,9902400.0,9459000.0,10224000.0,9290600.0,9582900.0,10635300.0,10535800.0,10390100.0,10901400.0,10762200.0,11161700.0,10829000.0,11365378.0,10676615.0,11261273.0,11546816.0,13933948.0,14861220.0,15697949.0,16510375.0,16581030.0,16713013.0,23176564.3464175,28537959.851045,29516939.8737304,31190697.7034966,33337428.6440473,33464042.0,35128937.0,41104603.6303111,47063739.1151822,45307285.7992447,19490824.794,24079604.701,43323605.777,52639595.157
109,India,IND,"Air transport, passengers carried",IS.AIR.PSGR,2671600.0,2554000.0,3285800.0,3391600.0,3037300.0,3839900.0,4534000.0,5147500.0,6099600.0,6546800.0,6603100.0,7574500.0,8391700.0,9164800.0,10125700.0,10993800.0,11785200.0,12668600.0,12863100.0,12740100.0,10862200.0,10717400.0,11127100.0,9441600.0,11518400.0,14260600.0,13394600.0,16039800.0,16521000.0,16005400.0,17299483.0,16862737.0,17633019.0,19455085.0,23934074.0,27879461.0,40288794.0,51897450.0,49877935.0,54446373.0,64374253.8038964,73996912.0,72151828.8895485,75589071.0,82718882.88,98927860.0,119577835.0,139752424.0,164035637.545,167499116.0,68959633.0,83964797.0,139996043.466,180415784.228
111,Ireland,IRL,"Air transport, passengers carried",IS.AIR.PSGR,1476300.0,1544200.0,1408800.0,1496300.0,1474600.0,1475700.0,1578100.0,1675600.0,1781300.0,2022500.0,1830200.0,1978600.0,1949100.0,1780800.0,1838500.0,1828800.0,1972000.0,2279000.0,3675600.0,4376300.0,4812300.0,4764600.0,5006000.0,4650400.0,4825700.0,6586500.0,7676800.0,8963700.0,10401200.0,11948800.0,13983022.0,15450847.0,19728801.0,28863657.0,34748853.0,42872544.0,50737809.0,60099058.0,69447262.0,77747207.0,84784226.0,89956333.5096866,92637189.1903926,93408036.0,98449140.0,115928738.0,134065078.0,153944513.0,167598633.0,170161848.0,54582262.0,74065210.0,169377735.0,192528432.0
112,"Iran, Islamic Rep.",IRN,"Air transport, passengers carried",IS.AIR.PSGR,715600.0,761400.0,894800.0,1141600.0,1361900.0,1949400.0,2499100.0,3005400.0,3333500.0,2168700.0,1998100.0,1539700.0,2127800.0,3190900.0,4087800.0,3422000.0,4670600.0,4846900.0,4486800.0,4882600.0,5632600.0,5537500.0,4895600.0,5351800.0,5803500.0,6290600.0,7609600.0,9804100.0,9200400.0,8277300.0,8722145.0,16485326.0,9891522.0,16301238.0,11877705.0,12708354.0,13623038.0,13915755.0,12029236.0,13052716.0,18760850.3814854,19113946.1622474,17687478.5197214,16580818.0052102,16825260.8301325,13873256.0,17084581.0,26858178.78,23029380.0,21641449.393,12744853.781,13695897.024,18713104.0,18067403.0
114,Iceland,ISL,"Air transport, passengers carried",IS.AIR.PSGR,457900.0,494100.0,545800.0,592800.0,611200.0,590200.0,601500.0,645000.0,688000.0,694000.0,541500.0,522100.0,574300.0,601400.0,710100.0,778000.0,808400.0,910100.0,844700.0,735900.0,759500.0,772600.0,767100.0,801000.0,1031200.0,1097000.0,1239100.0,1334400.0,1592700.0,1350200.0,1431818.0,1357946.0,1198920.0,1133775.0,1332811.0,1528929.0,1536157.0,1720496.0,1423422.0,1364651.0,1851416.84175507,2150527.0,2400160.0,2602714.0,3035882.7791066,4134980.0,5710834.0,7242611.0,7819740.55998243,4656017.0,903927.0,1499034.0,3709948.4,4342330.8
115,Israel,ISR,"Air transport, passengers carried",IS.AIR.PSGR,485000.0,1057400.0,1137100.0,1163500.0,1214300.0,1053700.0,1299800.0,1454100.0,1519700.0,1584000.0,1483300.0,1585200.0,1480800.0,1578700.0,1669400.0,1802700.0,1828600.0,2009700.0,1894600.0,2118000.0,2004000.0,2047500.0,2391200.0,2569400.0,2980400.0,3453400.0,3694600.0,3753600.0,3698500.0,4033200.0,4442967.0,3967140.0,3708138.0,3677879.0,4968931.0,4392448.0,4357151.0,4662615.0,4563041.0,4605452.0,5084798.0,5151469.0,5381980.0,5565864.0,5886728.0,6331198.0,6866472.0,6993888.0,7404373.0,7068458.0,1249361.0,2437207.0,5520059.0,7377778.0
116,Italy,ITA,"Air transport, passengers carried",IS.AIR.PSGR,6743700.0,7644100.0,7462200.0,8189900.0,8631400.0,8360600.0,8238100.0,9424100.0,9507000.0,9462500.0,9955800.0,10493300.0,11611000.0,11996600.0,12593600.0,14408000.0,13811100.0,15268100.0,15649200.0,17437700.0,19750000.0,18846800.0,21766700.0,21901400.0,22959300.0,23665800.0,25838500.0,28183900.0,27462700.0,28281000.0,30418137.0,31031074.0,28244627.0,36345771.0,35922093.0,36115764.0,36709131.0,37830745.0,30672048.0,33194501.0,32645164.0,33923370.5051058,31072962.155732,27846220.0,27193939.0,28603919.0,29120041.0,26288001.0,27243741.0,27760301.0,7801490.0,2449339.0,14670031.959,20264734.0
117,Jamaica,JAM,"Air transport, passengers carried",IS.AIR.PSGR,278700.0,425400.0,554900.0,568500.0,743300.0,696800.0,706500.0,601800.0,705900.0,795300.0,722700.0,727800.0,729600.0,716300.0,826000.0,887600.0,1058600.0,1257500.0,1188700.0,1210800.0,1003600.0,894000.0,983200.0,1037800.0,1011000.0,1126400.0,1388300.0,1400100.0,1453900.0,1669800.0,1922123.0,1946123.0,2016000.0,1838047.0,2007765.0,1573785.0,1526571.0,1618165.0,1644056.0,1380000.0,0.0,0.0,0.0,46272.0,76244.0,92836.0,136744.0,151326.0,180951.272,,,,,
118,Jordan,JOR,"Air transport, passengers carried",IS.AIR.PSGR,118800.0,119600.0,119900.0,162300.0,243400.0,379900.0,475500.0,557300.0,728400.0,914300.0,1112600.0,1443300.0,1667300.0,1457300.0,1327600.0,1310200.0,1132000.0,1178000.0,1225900.0,1204000.0,963900.0,797200.0,1109300.0,1185600.0,1219500.0,1270000.0,1299200.0,1353400.0,1186700.0,1252200.0,1281997.0,1178058.0,1299699.0,1353444.0,1660235.0,1737165.0,2046457.0,2246212.0,2355285.0,2323750.0,3077036.69608937,3267109.73620486,3438356.0,3294911.0,3211795.0,3065145.0,3181283.0,3381677.0,3383805.0,3478444.0,816253.0,1695302.0,3179936.0,3731345.0
119,Japan,JPN,"Air transport, passengers carried",IS.AIR.PSGR,16315100.0,17880500.0,20169500.0,25393100.0,27485700.0,27281400.0,29566000.0,36177400.0,40554700.0,45367800.0,45144500.0,48061200.0,46394200.0,46554000.0,50452800.0,51294700.0,52489800.0,57757700.0,62087500.0,69321696.0,76223800.0,78719800.0,81378400.0,80063904.0,83913504.0,91797000.0,95913504.0,94997600.0,101701200.0,105994496.0,109123312.0,107823469.0,109037841.0,103988547.0,101740600.0,102279015.0,102845319.0,99842338.0,97022471.0,86896527.0,109617020.965748,89788818.0,98907859.0,107573000.0,110547000.0,114128000.0,117708000.0,123898000.0,126387527.0,130233352.0,51131122.0,45410146.0,86456115.0,120305972.0
121,Kenya,KEN,"Air transport, passengers carried",IS.AIR.PSGR,171500.0,188000.0,216800.0,340800.0,382800.0,361500.0,449600.0,237300.0,363300.0,377400.0,392500.0,408700.0,391300.0,435500.0,479200.0,558700.0,611300.0,655800.0,720900.0,760500.0,794400.0,759900.0,721400.0,769500.0,753500.0,740400.0,778600.0,835700.0,1138400.0,1357800.0,1554949.0,1418183.0,1599843.0,1678160.0,2005473.0,2424382.0,2685148.0,2857464.0,2880546.0,2948920.0,4039583.0,4508698.01161552,4653459.73514364,4516500.0,4448530.52817802,4569473.0,4848016.0,5109576.0,5905365.1234425,6417534.056,1865768.0,2459106.0,3728989.0,5138290.0
126,"Korea, Rep.",KOR,"Air transport, passengers carried",IS.AIR.PSGR,1208100.0,1463600.0,1640000.0,2213400.0,1923800.0,2046700.0,2075200.0,2466500.0,3099800.0,3725900.0,3566600.0,4186700.0,4201500.0,4861500.0,5353300.0,6202500.0,7211400.0,8330900.0,9826000.0,13160800.0,15684500.0,16908000.0,19766900.0,21425900.0,24932300.0,29345200.0,33002700.0,35505800.0,27109000.0,30870200.0,34331368.0,33710340.0,34831814.0,33372577.0,34511494.0,33888328.0,34842655.0,36655313.0,36077655.0,34168590.0,36987982.0,39911749.5898122,39969577.0157166,54530105.0,58289180.0,66093149.0,76859538.0,82818983.0,88157579.0,92434079.0,30033310.0,34020088.0,46853301.0,76272453.877
127,Kuwait,KWT,"Air transport, passengers carried",IS.AIR.PSGR,315200.0,342200.0,390700.0,453600.0,517900.0,624800.0,737000.0,812300.0,849500.0,965100.0,1076200.0,1252500.0,1460700.0,1534500.0,1497900.0,1449200.0,1465700.0,1511100.0,1557300.0,1640600.0,965600.0,840100.0,1408600.0,1553800.0,1756200.0,1950800.0,2133400.0,2113900.0,2240800.0,2130000.0,2112523.0,2084574.0,2299218.0,2185990.0,2496441.0,2433213.0,2627870.0,2659769.0,2523966.0,2597076.0,4563082.0,3722729.502639,3481039.0,3244805.0,3530851.0,3752995.0,4069935.0,5731748.0,6464847.0,7385299.0,1823594.0,2182888.0,7330465.0,9499895.0
128,Latin America & Caribbean (excluding high income),LAC,"Air transport, passengers carried",IS.AIR.PSGR,14728000.0,15585600.0,17719600.0,19380900.0,22666700.0,25838500.0,28711100.0,31171700.0,34684800.0,40166300.0,43461600.0,42560800.0,43218000.0,44295900.0,45474700.0,46669200.0,49766900.0,50341400.0,47642400.0,50778300.0,52627800.0,51349700.0,51295400.0,54198900.0,60254100.0,59403500.0,63933500.0,71413900.0,75730700.0,76898000.0,79786001.0,79967304.0,80241766.0,78919249.0,84738943.0,90366215.0,92844326.0,100351198.0,112485494.0,116649457.0,150861914.496896,165845189.870199,182147425.865868,195801519.472342,208402775.400813,223848291.0,224865489.0,235650534.35,251841775.767079,262820682.556,107281953.06,166493092.562,238047632.719,271960144.616
129,Lao PDR,LAO,"Air transport, passengers carried",IS.AIR.PSGR,55900.0,42000.0,43000.0,44500.0,45000.0,45000.0,45000.0,30000.0,12000.0,13000.0,13000.0,14500.0,14700.0,14000.0,15700.0,15800.0,24500.0,45000.0,47500.0,49600.0,115400.0,115400.0,118500.0,118500.0,118500.0,124500.0,124500.0,124500.0,124100.0,197200.0,210847.0,210847.0,219598.0,218652.0,271706.0,293442.0,326730.0,328326.0,323401.0,302596.0,443778.0,532707.0,877949.881372257,1476528.0,1310124.0,1181188.0,1220201.0,1196041.0,1009414.0,979307.0,386950.0,157293.0,461727.244,842280.306
130,Lebanon,LBN,"Air transport, passengers carried",IS.AIR.PSGR,548600.0,648000.0,743800.0,819000.0,1037300.0,900000.0,1050000.0,928500.0,862900.0,904000.0,930300.0,843800.0,571000.0,695800.0,410700.0,501300.0,498700.0,353300.0,493200.0,182600.0,572300.0,535500.0,599600.0,677400.0,706400.0,769800.0,774600.0,856900.0,716000.0,719400.0,805803.0,815862.0,874152.0,935213.0,1086730.0,1076258.0,968820.0,1074219.0,1067774.0,1308382.0,1893359.0,2029610.0,2148669.0,2241480.0,2419476.0,2591297.0,2647258.0,2879528.0,2981937.0,3164358.0,1077762.0,1603134.0,2385930.0,2693218.0
132,Libya,LBY,"Air transport, passengers carried",IS.AIR.PSGR,190200.0,259400.0,327200.0,352000.0,408000.0,558000.0,669900.0,801900.0,890600.0,913800.0,1168800.0,1486000.0,1557800.0,1860000.0,1583800.0,1579300.0,1382900.0,1515100.0,1581200.0,1617000.0,1803000.0,1883700.0,1350100.0,853000.0,640800.0,623200.0,638600.0,570600.0,570600.0,585500.0,600734.0,582712.0,559404.0,626532.0,850185.0,0.0,1151785.0,1204107.0,1213854.0,1147234.0,2928705.67985018,2284066.501168,1398125.13429558,2744844.0,2391856.0,1430460.0,1283181.0,1186424.0,1442576.0,1367458.0,715300.42,968476.425,1065139.6,1094579.418
134,Latin America & Caribbean,LCN,"Air transport, passengers carried",IS.AIR.PSGR,17717500.0,18809300.0,21078700.0,22821000.0,26532900.0,30649500.0,33989400.0,37141200.0,41000200.0,47754900.0,51822900.0,52315700.0,53473200.0,53517600.0,54487400.0,56286100.0,60548200.0,61892400.0,61535800.0,66610700.0,65165400.0,64136600.0,64903900.0,68207800.0,73894400.0,72889000.0,77252200.0,85239100.0,90079300.0,93629700.0,96507566.0,101576743.0,97945064.0,94799825.0,100859199.0,107537262.0,110439889.0,120106257.0,133677728.0,140453020.0,178418790.815615,198178802.341581,217297987.707648,234290843.071702,248819232.967444,264217989.0,266690030.0,275641368.35,293327220.785988,305061356.551081,121084047.422,187704362.696,281385885.235,316282630.805
135,Least developed countries: UN classification,LDC,"Air transport, passengers carried",IS.AIR.PSGR,2730800.0,3045500.0,3129100.0,3816800.0,3969800.0,4109300.0,4915900.0,4914900.0,5137300.0,6108400.0,6523600.0,6950300.0,7312600.0,7409200.0,7523200.0,7435400.0,7538000.0,7636500.0,8540800.0,7582400.0,7938100.0,7118600.0,7276500.0,7153600.0,7692600.0,7232500.0,7555500.0,7504600.0,7592400.0,7481600.0,7519592.0,7376767.0,7353416.0,7488367.0,9016368.0,9759330.0,10367147.0,10789341.0,11030568.0,11557669.0,17654275.9208997,21331556.2160192,22107026.9609922,24484619.1460037,25368159.4712815,25261970.0,26570744.0,32239144.6303111,38126472.4073573,36685985.8099406,16979803.794,21218687.426,35908626.762,45046231.766
136,Low income,LIC,"Air transport, passengers carried",IS.AIR.PSGR,1540000.0,1695700.0,1602400.0,1614000.0,1926000.0,2167900.0,2767300.0,2962600.0,3098100.0,3403500.0,3633600.0,3754500.0,3798200.0,3853000.0,3852300.0,3388100.0,3632500.0,3561200.0,3699200.0,3654900.0,4050600.0,3473700.0,3679900.0,3640300.0,3774000.0,3418500.0,3721600.0,3689700.0,3718500.0,3739600.0,3831665.0,3612549.0,,,,,,,,,8414514.13486198,9727355.84828665,8736330.9948031,9143844.0,8444757.15906759,5792888.0,5511797.0,6353144.08,6322238.46811814,6059516.68588695,3086754.252,4851947.427,8224020.469,9165804.44
138,Sri Lanka,LKA,"Air transport, passengers carried",IS.AIR.PSGR,104600.0,116000.0,116000.0,108500.0,107700.0,117300.0,127700.0,181000.0,100000.0,105300.0,235000.0,405200.0,572700.0,616500.0,681300.0,698600.0,611400.0,586900.0,694300.0,744500.0,891800.0,892700.0,1045600.0,993800.0,1066800.0,1155700.0,1170700.0,1231900.0,1212500.0,1421500.0,1755567.0,1718331.0,1740807.0,1957606.0,2412889.0,2817778.0,3100832.0,3206766.0,2951506.0,2417713.0,3008322.69188759,3665394.0,4616417.0,4793393.4,4756131.0,4911730.0,5284585.0,5403577.0,5882376.0,5582446.0,1240391.0,871685.0,3252528.0,3866001.0
139,Lower middle income,LMC,"Air transport, passengers carried",IS.AIR.PSGR,12619700.0,12028300.0,12698100.0,14207200.0,14782000.0,16965700.0,19503600.0,21510200.0,24668200.0,27104700.0,28744300.0,31666300.0,33493900.0,35453000.0,36706100.0,39110400.0,38651100.0,40458900.0,42749800.0,42030700.0,40715200.0,39566600.0,46704700.0,44765500.0,48845100.0,52611300.0,51802100.0,57443100.0,56268800.0,55412300.0,57819859.0,58591849.0,57936625.0,59350319.0,69974776.0,77532883.0,92479622.0,108805080.0,111835324.0,117471182.0,159652958.153943,180352554.506069,184963765.234499,192022862.876669,214627823.706916,242140759.0,276464837.0,305346465.900311,346975005.166943,360683101.843184,148092749.594,153270066.455,296763574.031,372575068.795
140,Low & middle income,LMY,"Air transport, passengers carried",IS.AIR.PSGR,,,,,53367500.0,61298000.0,69772700.0,76332400.0,84964700.0,94999800.0,101474800.0,107445600.0,111797700.0,116078500.0,123083100.0,128384700.0,136256000.0,144688400.0,152943700.0,153227600.0,163020000.0,163206700.0,193825400.0,196272300.0,218760300.0,238670600.0,251562800.0,262597700.0,264779400.0,265585600.0,285890632.0,307403357.0,311612159.0,322466212.0,395495976.0,431032196.0,478293338.0,536202896.0,560245009.0,613868168.0,809161372.113334,901809031.642586,972327022.712889,1057526689.57324,1148644544.21561,1262946792.0,1379605106.0,1528425725.77031,1672712175.29281,1724105590.8052,836329275.306,926227910.055,1076941772.576,1664181848.037
142,Late-demographic dividend,LTE,"Air transport, passengers carried",IS.AIR.PSGR,,,,,24637200.0,27412300.0,30153500.0,32162100.0,35456000.0,40432600.0,42895300.0,45741200.0,48636300.0,48639000.0,51251500.0,55201400.0,63012500.0,68463800.0,76750800.0,76969300.0,84784000.0,218048600.0,169668800.0,149063500.0,156855000.0,173392100.0,178597200.0,184906800.0,187098700.0,199593400.0,216639000.0,237815480.0,258940139.0,271040893.0,331760561.0,347642313.0,384756400.0,444476143.0,485748645.0,572829124.0,685670532.062163,761255355.361109,830069110.535278,907272787.660847,985686600.922675,1088963002.0,1190947049.0,1323673354.0,1434010524.15206,1516126027.09,741617825.479,823261040.48,930665928.624,1444912791.257
144,Luxembourg,LUX,"Air transport, passengers carried",IS.AIR.PSGR,167000.0,250000.0,211300.0,218100.0,220600.0,230000.0,250000.0,260000.0,290000.0,300000.0,161500.0,163200.0,203700.0,224100.0,243200.0,239400.0,247700.0,272900.0,293900.0,296000.0,409300.0,405700.0,460600.0,470500.0,532500.0,569700.0,639100.0,559800.0,701400.0,842700.0,870831.0,885852.0,822533.0,853903.0,855840.0,851136.0,927738.0,1039067.0,1059848.0,681482.0,786920.0,785200.0,781146.0,1555788.0,1710624.0,1830972.0,1845726.0,1901012.0,2099102.0,2114417.0,753114.0,1081478.0,2060543.0,2457682.909
148,Morocco,MAR,"Air transport, passengers carried",IS.AIR.PSGR,289500.0,362000.0,410300.0,486500.0,509600.0,672900.0,808900.0,1047200.0,1131700.0,1153800.0,947400.0,929600.0,974100.0,932200.0,1000700.0,1113900.0,1095500.0,1187400.0,1267300.0,1360800.0,1580000.0,1429700.0,2169000.0,2139600.0,2183900.0,2147200.0,2301200.0,2638400.0,3012000.0,3392100.0,3671317.0,3680688.0,3049154.0,2638314.0,3004353.0,3492984.0,4109489.0,4623543.0,4927341.0,4930683.0,7144446.0,7502696.74521668,6563646.6759083,6507408.0,6976810.0,7043971.0,7738637.0,8667392.0,8132917.0,9380951.0,3012310.0,4740714.0,7466482.0,9354197.0
151,Madagascar,MDG,"Air transport, passengers carried",IS.AIR.PSGR,168000.0,197700.0,201100.0,217800.0,230700.0,203100.0,262000.0,292200.0,335800.0,407500.0,447700.0,444900.0,410200.0,347300.0,360000.0,350800.0,355900.0,410600.0,387000.0,342400.0,424200.0,314300.0,343900.0,418500.0,450700.0,497200.0,542100.0,574900.0,600500.0,639800.0,629409.0,657953.0,266033.0,451729.0,513508.0,574904.0,572991.0,616433.0,558981.0,499526.0,524296.0,544100.727272727,588169.0,539208.0,520421.0,458572.0,441861.0,486425.0,541290.0,544458.0,186314.332,109461.4,250506.0,313313.0
152,Maldives,MDV,"Air transport, passengers carried",IS.AIR.PSGR,,,,,,7000.0,10000.0,13000.0,20000.0,25000.0,27000.0,33800.0,34000.0,38000.0,40000.0,60000.0,65000.0,8400.0,8400.0,8400.0,9400.0,9400.0,9400.0,9400.0,38500.0,158600.0,206900.0,188900.0,247200.0,261100.0,315108.0,56216.0,57902.0,60218.0,75875.0,81945.0,93417.0,92483.0,91096.0,85448.0,,,,,1024693.84477856,1313533.0,1409704.0,1485752.0,1191383.08265957,1221786.67512409,292931.0,277881.434,1516025.005,1414193.945
153,"Middle East, North Africa, Afghanistan & Pakistan",MEA,"Air transport, passengers carried",IS.AIR.PSGR,6723400.0,7611900.0,8259000.0,9589700.0,11741600.0,14567600.0,18921400.0,22674200.0,26302000.0,28254000.0,30964100.0,31906700.0,34366400.0,37163100.0,39159200.0,38887400.0,38398800.0,40263700.0,41732000.0,43562400.0,44349600.0,41830700.0,47030600.0,47931200.0,50982800.0,51569000.0,55243600.0,59697900.0,59180500.0,62414200.0,65097780.0,74002907.0,68496777.0,77738714.0,83658381.0,66795878.0,72353506.0,76662118.0,76676642.0,119577470.0,159660254.620073,170491595.0274,185049292.112597,198775778.233726,214782513.09247,227397945.0,250739334.0,266850504.79,272712361.921165,284913666.143239,96419409.68,121253526.316,217241674.151,286507268.592
154,Mexico,MEX,"Air transport, passengers carried",IS.AIR.PSGR,2966600.0,3107300.0,3962000.0,4589600.0,5501500.0,6522900.0,7675700.0,8238200.0,9387700.0,11381500.0,12889800.0,13853300.0,12777300.0,13923500.0,14440200.0,15364400.0,13824500.0,13504900.0,11412300.0,12689000.0,14341300.0,14901000.0,15532200.0,16484800.0,18791400.0,14968800.0,14677700.0,17266500.0,17717400.0,20561100.0,20894205.0,20172824.0,19618662.0,20661206.0,21167881.0,21857658.0,21243010.0,20952513.0,18825976.0,15728171.0,31269061.0,29538937.0,32909408.724554,35986501.817,39570522.0,46966763.0,53313307.0,58537832.0,64569640.0,69937838.0,34133108.0,54217876.0,70196270.0,78763320.0
156,Middle income,MIC,"Air transport, passengers carried",IS.AIR.PSGR,,,,,51441500.0,59130100.0,67005400.0,73369800.0,81866600.0,91596300.0,97841200.0,103691100.0,107999500.0,112225500.0,119230800.0,124996600.0,132623500.0,141127200.0,149244500.0,149572700.0,158969400.0,159733000.0,190145500.0,192632000.0,214986300.0,235252100.0,247841200.0,258908000.0,261060900.0,261846000.0,282058967.0,303790808.0,308562584.0,319269612.0,391684880.0,426910284.0,473994301.0,531677111.0,555749753.0,609455454.0,800746857.978472,892081675.7943,963590691.718086,1048382845.57324,1140199787.05654,1257153904.0,1374093309.0,1522072581.69031,1666389936.82469,1718046074.11931,833242521.054,921375962.628,1068717752.107,1655016043.597
159,Malta,MLT,"Air transport, passengers carried",IS.AIR.PSGR,127800.0,110800.0,102100.0,140600.0,152500.0,205200.0,221100.0,255300.0,351600.0,382000.0,401500.0,397900.0,401700.0,366300.0,364100.0,384100.0,411300.0,429400.0,480600.0,506500.0,597800.0,648600.0,692500.0,797000.0,1002500.0,1065900.0,1037500.0,1054300.0,1159400.0,1421300.0,1364904.0,1340031.0,1398990.0,1309119.0,1365223.0,1371865.0,1495333.0,1674773.0,1708268.0,1992900.0,1699829.0,1673765.0,1535101.0,1603404.0,1588165.0,1583046.0,1500824.0,1575125.0,2576898.0,2382607.8,549318.545,597724.0,1964262.009,2387400.4
160,Myanmar,MMR,"Air transport, passengers carried",IS.AIR.PSGR,345800.0,380500.0,393000.0,405000.0,388300.0,391300.0,396000.0,410000.0,425000.0,460000.0,481000.0,500000.0,515000.0,517000.0,487000.0,509000.0,511000.0,512000.0,516000.0,308000.0,318500.0,318500.0,318500.0,318500.0,318500.0,334500.0,334500.0,334500.0,333200.0,536800.0,437600.0,398216.0,1186162.0,1117208.0,1392244.0,1503624.0,1620895.0,1662866.0,1637923.0,1527346.0,924207.0,1539676.0,1663425.4345762,1572120.0,1926969.0,2095503.0,2741388.0,3149037.0,3407788.43290303,3701663.849,1506581.713,1132655.764,2491745.0,3541244.0
161,"Middle East, North Africa, Afghanistan & Pakistan (excluding high income)",MNA,"Air transport, passengers carried",IS.AIR.PSGR,4996400.0,5307900.0,5547100.0,6513700.0,8064400.0,10156200.0,12435100.0,14248200.0,15815100.0,15807700.0,16675900.0,17213000.0,18592200.0,20606100.0,21565200.0,21586300.0,21886400.0,23019900.0,24417200.0,25487200.0,26390100.0,24135100.0,25831400.0,24870400.0,25919700.0,26426300.0,28587500.0,32309900.0,30738600.0,31095600.0,31544038.0,40091314.0,30929333.0,37322138.0,35566121.0,36624267.0,39971463.0,41644664.0,41470684.0,43324788.0,61357712.7706611,62510145.6812856,60685403.4159418,63599011.2337263,64250755.0924703,61012644.0,67306499.0,75565653.79,75246086.9211654,77266751.2532391,31123156.245,39460765.316,65139850.893,76054114.829
165,Mozambique,MOZ,"Air transport, passengers carried",IS.AIR.PSGR,,,,,,119500.0,248900.0,225200.0,266400.0,273000.0,282200.0,291500.0,391100.0,404700.0,325200.0,207700.0,226400.0,210600.0,235000.0,242900.0,279500.0,282800.0,224700.0,206200.0,220700.0,168200.0,163400.0,188400.0,200700.0,234800.0,259568.0,264216.0,281513.0,280516.0,293873.0,346830.0,350314.0,443010.0,461125.0,490019.0,558192.0,577019.814468816,559608.795668202,701472.0,739636.744147151,676028.0,632965.0,569211.0,540124.0,587364.0,327742.0,411739.0,549525.0,680108.0
166,Mauritania,MRT,"Air transport, passengers carried",IS.AIR.PSGR,84500.0,68400.0,65900.0,72700.0,78300.0,84500.0,94400.0,105400.0,117200.0,124300.0,141100.0,144100.0,147300.0,148500.0,201700.0,213800.0,233400.0,216100.0,216100.0,220400.0,222700.0,212700.0,212700.0,214600.0,215600.0,227900.0,234800.0,245200.0,249600.0,187400.0,185061.0,155687.0,105541.0,116136.0,128329.0,138595.0,149188.0,154662.0,153895.0,142355.0,524817.894731527,381075.923563429,325239.52355014,261696.0,271212.0,248158.0,280215.0,418817.0,379211.0,386621.0,100904.0,207225.0,393753.812,328992.0
167,Mauritius,MUS,"Air transport, passengers carried",IS.AIR.PSGR,23000.0,24200.0,25200.0,24000.0,28000.0,30000.0,33000.0,30100.0,55000.0,82300.0,83700.0,102200.0,106400.0,122900.0,155000.0,182800.0,199700.0,285400.0,383700.0,423800.0,519700.0,525300.0,578100.0,581900.0,635900.0,675800.0,716900.0,803900.0,847500.0,823200.0,949085.0,1002282.0,1029466.0,1042773.0,1088696.0,1145737.0,1056496.0,1277957.0,1256746.0,1092580.0,1265458.0,1321491.0,1313976.0,1318052.0,1354388.0,1466527.0,1593666.0,1674395.0,1745291.0,1726868.0,407291.0,153242.0,1111493.0,1504656.0
168,Malawi,MWI,"Air transport, passengers carried",IS.AIR.PSGR,51700.0,66100.0,74700.0,90400.0,98300.0,122400.0,93700.0,100300.0,106400.0,111700.0,94000.0,107600.0,130300.0,96900.0,127000.0,140400.0,140200.0,114200.0,115800.0,121200.0,120300.0,120100.0,121400.0,132100.0,141600.0,148700.0,152500.0,158300.0,157700.0,112300.0,115831.0,112560.0,104711.0,108854.0,122477.0,132275.0,145747.0,154837.0,159917.0,157007.0,91520.1893953931,82709.5449902358,53518.9979970389,5856.0,5856.0,6011.0,6744.0,10545.0,10545.0,7117.0,1792.164,1290.356,3594.5,3506.999
169,Malaysia,MYS,"Air transport, passengers carried",IS.AIR.PSGR,748900.0,875100.0,1015600.0,1864400.0,2331900.0,2503600.0,2671000.0,2864700.0,3096000.0,3489500.0,4516400.0,5347700.0,5241700.0,5360900.0,5685400.0,5687000.0,6310500.0,7396100.0,7683600.0,8694600.0,10241500.0,11837400.0,12756900.0,13101300.0,14249800.0,15417800.0,15117600.0,15591600.0,13654400.0,14984600.0,16560793.0,16107156.0,16281275.0,16704600.0,19226564.0,20369086.0,17833364.0,21325754.0,22420870.0,23766316.0,34239014.1725209,38218608.8523534,39165195.2176778,47995842.0041797,49673884.0,50345820.0,53817353.0,58711937.0,60481772.0,63623130.0,15893988.0,4965360.963,28006856.4,46698381.0
170,North America,NAC,"Air transport, passengers carried",IS.AIR.PSGR,173629292.0,184390404.0,202953908.0,216936000.0,223979900.0,221613300.0,239850396.0,257611392.0,291497504.0,334470400.0,317782088.0,303183500.0,310646408.0,333707996.0,359574088.0,391747504.0,434932996.0,461779204.0,476582312.0,474435304.0,485175416.0,468602404.0,483783292.0,487442612.0,533028800.0,553803196.0,593928000.0,614552892.0,612824180.0,658966608.0,707095388.0,662639760.0,621733444.0,624881527.0,718811915.0,765777598.0,772257943.0,796405857.0,755498308.0,732006924.0,783774409.375339,796874011.954739,807166400.792869,814697725.918431,838238607.0,878450302.0,909445425.0,940807001.0,980528000.0,1020089000.0,397121000.0,691104000.0,919704000.0,1030175000.0
173,Niger,NER,"Air transport, passengers carried",IS.AIR.PSGR,54700.0,56700.0,52900.0,57600.0,63500.0,69000.0,75400.0,83400.0,94200.0,99300.0,111100.0,114100.0,116300.0,117500.0,117700.0,73500.0,120000.0,111700.0,111300.0,74000.0,76300.0,66300.0,66300.0,68200.0,69200.0,74100.0,75100.0,85500.0,90500.0,83900.0,77273.0,46364.0,,,,,,,,,0.0,0.0,119652.0,87936.0,13227.5,15243.0,15044.0,14713.0,,,,15019.2,16149.0,5775.0
174,Nigeria,NGA,"Air transport, passengers carried",IS.AIR.PSGR,173000.0,227100.0,286800.0,314100.0,430300.0,590400.0,800800.0,1093900.0,1441000.0,1581300.0,1938500.0,2300200.0,2138400.0,2221300.0,1945900.0,2575000.0,2134000.0,1614400.0,995000.0,848900.0,964800.0,930000.0,646500.0,608400.0,664800.0,547900.0,221200.0,318200.0,313400.0,419700.0,507396.0,519453.0,520278.0,520263.0,540461.0,747648.0,1307541.0,1363435.0,1460900.0,1365343.0,4197375.0,4793913.27416044,4716148.08073056,4209624.0,4462001.62973012,4613169.0,4110075.0,4789878.0,7786143.99416227,6539048.35309011,3435350.518,4486313.422,5212264.541,5269403.776
176,Netherlands,NLD,"Air transport, passengers carried",IS.AIR.PSGR,2881100.0,3012300.0,3275800.0,3682400.0,3627100.0,3827700.0,4080900.0,4452000.0,4718300.0,4918900.0,4983800.0,5058000.0,5201900.0,5278900.0,5654900.0,6027700.0,6382000.0,7403400.0,7860100.0,8253400.0,8559400.0,8893200.0,10087800.0,11774600.0,12894800.0,16377900.0,17114300.0,17889900.0,18675500.0,19741200.0,20898713.0,20072980.0,22931166.0,23454932.0,25595676.0,26132696.0,27454451.0,28857440.0,29601230.0,29108547.0,26979676.6296817,29959476.4043769,31672223.9759589,33455251.0,33956338.0,35687843.0,40078714.0,42763443.0,44417573.579144,46358457.951,14748517.334,19349165.526,35579242.0,41436802.2
178,Nepal,NPL,"Air transport, passengers carried",IS.AIR.PSGR,203400.0,217900.0,232000.0,250000.0,263000.0,219700.0,248300.0,255000.0,270000.0,416500.0,379900.0,364500.0,400200.0,363700.0,395500.0,422000.0,436200.0,408800.0,987800.0,679100.0,679000.0,633900.0,648800.0,633100.0,682600.0,716700.0,755000.0,755000.0,753600.0,582600.0,643332.0,641142.0,352544.0,356369.0,444691.0,480266.0,509792.0,528226.0,520303.0,484394.0,917939.0,901116.117937972,776864.1215957,643140.0,517548.0,510342.0,634292.0,2443630.512,4525805.0,1659671.0,1989284.0,2550505.0,4438086.0,4289298.0
180,New Zealand,NZL,"Air transport, passengers carried",IS.AIR.PSGR,1862000.0,1923800.0,2084300.0,2544400.0,2961300.0,3047400.0,3023200.0,3198500.0,3399500.0,3807300.0,3497500.0,3316100.0,3073900.0,3222000.0,3764900.0,4158600.0,4527300.0,4812300.0,5093600.0,5723500.0,5865600.0,5370800.0,5784400.0,6290800.0,7716100.0,7676600.0,9597000.0,9435400.0,8654900.0,9565600.0,10781314.0,11467023.0,11285424.0,12259437.0,11305401.0,11951935.0,12382205.0,12545766.0,12950904.0,12104116.0,13295185.0,13747024.2069686,13937353.9431784,14434055.9991949,13618711.9990383,14385078.0,15300409.0,16271523.0,17249049.9541367,17763604.459,8516619.501,8729634.719,11715300.913,15033154.913
181,OECD members,OED,"Air transport, passengers carried",IS.AIR.PSGR,276589892.0,296537504.0,327004108.0,356798200.0,369035400.0,371410200.0,401309296.0,434540092.0,487082104.0,547918000.0,531814388.0,524004700.0,532905608.0,560323496.0,598958588.0,644682604.0,694577696.0,746656404.0,782184012.0,810093200.0,846937916.0,826639404.0,873450392.0,893611716.0,971255004.0,1021039596.0,1099596504.0,1151287192.0,1159476480.0,1245629100.0,1333236717.0,1283609610.0,1247264642.0,1278025311.0,1413357107.0,1475137918.0,1523845112.0,1594664421.0,1561688255.0,1516777735.0,1714226706.49298,1767775671.20223,1813901529.85301,1880658281.43694,1959633535.87687,2082857593.0,2190437625.0,2295787113.0,2413352567.63458,2504574292.338,872244225.3065,1302098734.934,2078770540.079,2431373977.12296
182,Oman,OMN,"Air transport, passengers carried",IS.AIR.PSGR,,,,,127500.0,173000.0,240100.0,299800.0,374500.0,456500.0,521500.0,577800.0,569800.0,601800.0,674200.0,717500.0,647400.0,699200.0,776400.0,834800.0,852900.0,957500.0,1081100.0,1180000.0,1511800.0,1452900.0,1620200.0,1678400.0,1849300.0,1933100.0,2118338.0,1980076.0,2103559.0,2777424.0,3267088.0,,,,,2360682.0,3262849.0,3795755.0,4430383.0,4994729.0,5051804.0,6365784.0,7709851.0,9035230.0,10438241.0,11239996.0,2496069.0,2075390.0,5656180.0,8697025.0
184,Pakistan,PAK,"Air transport, passengers carried",IS.AIR.PSGR,1335900.0,1085600.0,625200.0,805200.0,1047700.0,1451800.0,1947400.0,2303700.0,2656300.0,2773100.0,3029200.0,3096800.0,3328800.0,3466900.0,3641900.0,3839400.0,4127200.0,4434400.0,4889400.0,5009000.0,5180200.0,5197700.0,5680600.0,5647100.0,5663700.0,5342600.0,5375000.0,5882500.0,5414100.0,5850000.0,5293541.0,6011849.0,4141009.0,4522110.0,5097477.0,5364134.0,5714831.0,5439144.0,5605758.0,5303268.0,6588114.0,7940545.07551206,7973906.36067277,7833901.08773203,7670348.18543139,8467827.0,9628354.0,7260769.0,6880637.0,7420378.249,3711456.87,4930661.98,6925477.0,7153419.0
185,Panama,PAN,"Air transport, passengers carried",IS.AIR.PSGR,307400.0,337200.0,316200.0,217500.0,275700.0,357100.0,374100.0,347400.0,365700.0,381300.0,355200.0,309200.0,332200.0,323400.0,371600.0,390300.0,364200.0,370800.0,382000.0,372500.0,265800.0,342700.0,282700.0,320500.0,519900.0,661200.0,688800.0,772200.0,859900.0,932500.0,1117411.0,1114727.0,1047843.0,1416071.0,1500673.0,1795958.0,2028711.0,2473261.0,2762458.0,6348000.0,5524157.42969209,6380080.18386967,7517581.27701275,11656416.0,11812712.8383915,12193261.0,13285098.0,11975372.0,12631703.0,12497758.0,3074172.0,8208378.0,13807991.0,15750293.0
186,Peru,PER,"Air transport, passengers carried",IS.AIR.PSGR,390500.0,263700.0,525300.0,590000.0,1116900.0,1335200.0,1439200.0,1425000.0,1449000.0,1686100.0,1980100.0,1777100.0,1739700.0,1698200.0,1616800.0,1563900.0,2152900.0,3009000.0,2737100.0,1854300.0,1816200.0,1490600.0,1217600.0,1362400.0,1894900.0,2508300.0,2327500.0,2724500.0,2774500.0,1900000.0,1595268.0,2248991.0,2085823.0,2226329.0,3225128.0,4332223.0,4217880.0,5273188.0,6184410.0,5843195.0,7106025.29251721,8609620.35441221,10074855.6119232,12255937.7629497,12284677.0,13877662.0,15081755.0,16094150.0,17758527.272,18820572.0,5705074.0,9053965.0,14774576.0,17717402.523
187,Philippines,PHL,"Air transport, passengers carried",IS.AIR.PSGR,2369000.0,2070900.0,2123900.0,2349600.0,2525100.0,2758400.0,2815700.0,3021100.0,3411600.0,3474900.0,3245600.0,3542700.0,3866900.0,4319800.0,4394000.0,4610400.0,4879600.0,5247300.0,5719500.0,5715200.0,5638700.0,5438100.0,6136500.0,6526200.0,6851500.0,7179600.0,7263100.0,7474600.0,6731600.0,5024000.0,5756288.0,6416383.0,6449022.0,6457529.0,7387965.0,8056829.0,8304634.0,8818150.0,9508389.0,10480898.0,22575356.0,26326620.7628322,28540727.3608103,25540880.0,34897404.0,37023422.0,40206684.0,39341995.0,43080118.0,47776892.0,10613531.0,6886922.0,27737718.0,41501834.0
189,Papua New Guinea,PNG,"Air transport, passengers carried",IS.AIR.PSGR,,,,,,355000.0,405300.0,440000.0,532300.0,572300.0,558600.0,553500.0,560400.0,533800.0,711400.0,700900.0,807400.0,798300.0,886600.0,963400.0,931200.0,911000.0,954000.0,866000.0,1112800.0,970000.0,970000.0,1114000.0,1110300.0,1058200.0,1099772.0,1188089.0,1234779.0,690528.0,762784.0,818773.0,918640.0,918665.0,904885.0,847353.0,1405169.0,1563593.85321111,1630308.43210537,1870968.0,2074020.0,1679156.0,1711274.0,1864653.0,1831903.0,2029701.0,932389.0,1039010.0,1475719.0,1547502.0
190,Poland,POL,"Air transport, passengers carried",IS.AIR.PSGR,904000.0,1031200.0,1267000.0,1491000.0,1086800.0,1454500.0,1472400.0,1643200.0,1702300.0,1850400.0,1710500.0,1592800.0,755500.0,1287000.0,1595900.0,1587000.0,1573500.0,1569500.0,1600200.0,1907300.0,1501000.0,1051200.0,1102100.0,1269900.0,1451800.0,1657300.0,1805900.0,1998000.0,2212500.0,2140700.0,2340919.0,2670283.0,2845919.0,3252222.0,3493094.0,3553680.0,3625982.0,4269655.0,4634676.0,4279072.0,4099082.0,4448727.0598285,4909100.39206908,5002975.74866764,5038745.42598332,4448883.0,5497163.0,7376512.0,9277538.0,10225516.0,2686258.0,3676185.0,7057609.0,8782362.0
191,Pre-demographic dividend,PRE,"Air transport, passengers carried",IS.AIR.PSGR,2589800.0,2847200.0,2900000.0,3299800.0,3830100.0,4279000.0,5416400.0,5693100.0,6456000.0,7333900.0,8054300.0,8800000.0,8987200.0,9138600.0,8906500.0,9315600.0,8586600.0,8136900.0,8313100.0,7581600.0,7398600.0,6057800.0,5674400.0,5354400.0,5857800.0,5618900.0,5427100.0,5219400.0,5677400.0,5720100.0,5605843.0,5129614.0,,,,,,,,,17819048.6593058,20387700.7728865,20515501.676293,19925850.818,19349770.8959757,21230480.0,20633300.0,21624757.05,28768397.3600062,28357862.0622005,10279740.062,15075193.281,23142068.508,26826556.239
193,"Korea, Dem. People's Rep.",PRK,"Air transport, passengers carried",IS.AIR.PSGR,165000.0,166000.0,,,,,,165000.0,166000.0,184000.0,192200.0,184400.0,185000.0,196000.0,197500.0,202000.0,200000.0,205000.0,217500.0,220400.0,222700.0,222700.0,235100.0,241800.0,241800.0,254000.0,254000.0,280000.0,64000.0,76700.0,82953.0,78805.0,84321.0,75046.0,93808.0,101313.0,105366.0,110634.0,108974.0,101237.0,73052.0,78558.8615502066,100113.348581399,371004.0,90335.875,87082.0,94919.0,103560.0,94245.0,109095.0,3563.0,523.761,,3690.0
194,Portugal,PRT,"Air transport, passengers carried",IS.AIR.PSGR,1415400.0,1656100.0,1949800.0,2247100.0,2250400.0,1681300.0,1650300.0,1833400.0,2014400.0,2264500.0,1978100.0,2168500.0,2272200.0,2218400.0,2311800.0,2315200.0,2422600.0,2785600.0,3025100.0,3187300.0,3504500.0,3571800.0,4108800.0,4378900.0,4359600.0,4590100.0,4805500.0,6281400.0,7023100.0,7339300.0,6721365.0,6650492.0,6795580.0,7590259.0,9052471.0,10139655.0,9440930.0,10320040.0,11171020.0,9903771.0,10428173.5126738,11014639.0,11338080.0,11860998.0,12635439.0,12706909.0,13105120.0,15937325.0,17367956.0,22047878.978,6219531.061,8056494.578,15664429.666,18288977.0
195,Paraguay,PRY,"Air transport, passengers carried",IS.AIR.PSGR,80600.0,84300.0,53700.0,59600.0,61000.0,64500.0,66500.0,104600.0,111700.0,118500.0,129000.0,127000.0,167000.0,163500.0,179000.0,212000.0,184200.0,205000.0,248600.0,272300.0,273000.0,308800.0,313600.0,337500.0,324200.0,105200.0,260500.0,196000.0,222200.0,231700.0,265898.0,281040.0,267089.0,298928.0,373456.0,445854.0,432760.0,458688.0,465911.0,428493.0,715072.0,845395.688848872,794176.0,711548.47,608844.0,452004.0,467713.0,454276.0,710407.0,632389.0,131713.0,111964.0,321913.0,407865.0
197,Pacific island small states,PSS,"Air transport, passengers carried",IS.AIR.PSGR,,,,,,,,,,,,,457900.0,448500.0,478500.0,435000.0,455800.0,488000.0,560000.0,641700.0,647200.0,661900.0,711300.0,669900.0,734300.0,775600.0,1042400.0,871600.0,956800.0,972400.0,994674.0,1040635.0,1169195.0,1409660.0,1376595.0,1366689.0,1468156.0,1510124.0,1487471.0,1861811.0,1679808.52104507,1691669.50847461,1701510.525037,1807896.0,2006028.0,2120856.0,2238966.0,2543172.0,2681606.0,2609710.5531334,787299.92,449526.842,1626077.156,2840873.427
198,Post-demographic dividend,PST,"Air transport, passengers carried",IS.AIR.PSGR,268162692.0,286858404.0,316019208.0,344448000.0,356860200.0,358191400.0,386117596.0,417928492.0,469681004.0,528337700.0,512934188.0,504208800.0,512515308.0,539249896.0,577758388.0,622754404.0,673840096.0,725444604.0,762609612.0,788098600.0,823529116.0,803342904.0,851472092.0,866599916.0,939020504.0,989606440.1,1067013204.0,1118528992.0,1129879680.0,1214796800.0,1301972064.0,1251639848.0,1214443600.0,1229236696.0,1360640668.0,1413314874.0,1455395380.0,1510562083.0,1469546762.0,1409097909.0,1576171421.66772,1619241221.53047,1648538084.47385,1699478102.82541,1761628444.73137,1848558208.0,1927693057.0,2000358525.0,2089907217.41444,2176459264.46508,730930007.4665,1067970234.934,1681652924.055,2024971340.31596
200,Qatar,QAT,"Air transport, passengers carried",IS.AIR.PSGR,,,,,127500.0,173000.0,240100.0,299800.0,374500.0,456500.0,521500.0,577800.0,569800.0,601800.0,674200.0,717500.0,647400.0,621500.0,698400.0,752800.0,770900.0,875500.0,981100.0,1080000.0,1150600.0,1072500.0,1200300.0,1164600.0,1207000.0,2325200.0,2672972.0,2778116.0,3570521.0,3184104.0,4453071.0,6041040.0,7070851.0,8879109.0,9702479.0,10211229.0,12391268.0,14568106.0,17187171.0,18737348.0,21425066.0,25263224.0,31209097.0,29949181.0,29178923.0,32953297.0,10640789.0,14832936.0,29467264.0,37714348.363
201,Romania,ROU,"Air transport, passengers carried",IS.AIR.PSGR,452500.0,429400.0,488800.0,611800.0,674400.0,613100.0,912600.0,1077100.0,1084600.0,1119700.0,1112100.0,1079700.0,919400.0,998600.0,1163400.0,1215800.0,1240400.0,1281300.0,1322500.0,1271700.0,1322000.0,1148900.0,918900.0,979400.0,1242700.0,1244900.0,913300.0,995200.0,907600.0,980300.0,1218102.0,1137305.0,959487.0,1255313.0,1337781.0,1707714.0,2047466.0,3003872.0,3253417.0,3268022.0,3733253.0,3659209.0,3593312.0,3087143.0,3067724.4,3634598.0,3686938.0,4423249.0,4908235.0,5630289.0,1786407.0,2719206.0,2294598.0,2806654.333
204,South Asia,SAS,"Air transport, passengers carried",IS.AIR.PSGR,2979600.0,2887900.0,3633800.0,4240100.0,3839400.0,4674400.0,5373300.0,6066800.0,7033800.0,7717800.0,7858700.0,8969400.0,10020100.0,10806000.0,11984300.0,13019700.0,13750200.0,14533700.0,15566500.0,15177500.0,13494500.0,13282200.0,13891100.0,12169700.0,14530900.0,17582700.0,16814200.0,19566400.0,19922900.0,19516700.0,21379284.0,20763520.0,21361233.0,23453249.0,28563261.0,32943015.0,45773342.0,57021399.0,54717867.0,58892398.0,70300953.8863276,80811963.8167753,79933576.6914433,84015308.4,92371330.4579924,109824144.0,130946386.0,154000765.550311,181588446.62766,182499352.675124,75515185.694,91438001.434,154600220.747,196803652.173
205,Saudi Arabia,SAU,"Air transport, passengers carried",IS.AIR.PSGR,558000.0,513600.0,762000.0,968300.0,1282500.0,1835700.0,3268000.0,4705100.0,6268100.0,7689200.0,9241200.0,9146900.0,10151800.0,10670300.0,11365800.0,10795100.0,9929400.0,10258400.0,9879600.0,9988000.0,10311500.0,9409100.0,11154800.0,11864300.0,12142300.0,11524200.0,11706300.0,11738200.0,11816200.0,12328500.0,12566492.0,12835735.0,13564300.0,13821729.0,14942633.0,15933045.0,16830838.0,17141188.0,16708204.0,17508200.0,20323592.0,23135735.0,26537661.0,28252104.0,32269452.0,33431736.0,35092840.0,37503000.0,39767648.0,46181487.0,20968865.89,29403732.0,29005342.249,47979994.0
206,Sudan,SDN,"Air transport, passengers carried",IS.AIR.PSGR,124700.0,139500.0,133400.0,221500.0,244700.0,250000.0,328300.0,378500.0,176000.0,424000.0,519000.0,465300.0,477600.0,473000.0,485000.0,428000.0,347400.0,417200.0,533700.0,363200.0,454100.0,363200.0,480000.0,407900.0,432400.0,496900.0,490800.0,333100.0,498700.0,390300.0,414179.0,414983.0,409178.0,420498.0,473127.0,510977.0,563026.0,598151.0,617785.0,606558.0,580325.0,947031.456113152,777346.331924026,541644.0,501864.0,496177.0,292843.0,557792.04,561520.0,530001.0,386838.0,1386967.0,1588147.401,911089.799
207,Senegal,SEN,"Air transport, passengers carried",IS.AIR.PSGR,85100.0,89400.0,88900.0,94600.0,102500.0,110000.0,120400.0,128400.0,137200.0,142300.0,113100.0,116100.0,118300.0,124500.0,126300.0,132100.0,144100.0,135800.0,135400.0,139700.0,148300.0,138400.0,138300.0,140200.0,141200.0,149700.0,155100.0,165500.0,121400.0,103400.0,97525.0,176413.0,231333.0,129974.0,416372.0,449682.0,500677.0,538845.0,567101.0,572609.0,0.0,391401.4,543987.6,219996.0,131964.0,115355.0,9874.0,21038.0,278438.288559913,457722.0,271331.0,359705.738,1213575.304,1070960.665
208,Singapore,SGP,"Air transport, passengers carried",IS.AIR.PSGR,748900.0,875100.0,976100.0,1248900.0,1508500.0,1814700.0,2132100.0,2497300.0,2893200.0,3377500.0,3826900.0,4405400.0,4591500.0,4531600.0,4791800.0,4912300.0,4990300.0,5248400.0,6046900.0,6659900.0,7046400.0,7745500.0,8477300.0,9271200.0,9929400.0,10779300.0,11840700.0,12980700.0,13331100.0,15282600.0,16704341.0,16373648.0,17256872.0,14172367.0,16995621.0,17744017.0,19565884.0,20671341.0,21050204.0,18427473.0,24859825.1577843,26509929.1424906,29138458.2737476,31729241.0,33643518.416782,33585397.0,35370328.0,38094990.0,40401515.0,43050722.0,7884373.0,2311712.0,22200217.0,47502833.593
209,Solomon Islands,SLB,"Air transport, passengers carried",IS.AIR.PSGR,,,,,,,,,,,42400.0,46200.0,51100.0,54600.0,63700.0,66000.0,64900.0,67500.0,68500.0,69300.0,69400.0,69400.0,69400.0,74600.0,78500.0,89500.0,94300.0,94300.0,94000.0,97700.0,75262.0,81376.0,84537.0,68104.0,84676.0,91450.0,101190.0,102090.0,100558.0,94027.0,142660.0,140183.263883557,138160.1153057,302412.0,330456.0,373739.0,373467.0,427806.0,427806.0,229670.648,138660.862,100593.419,112565.326,157418.179
211,El Salvador,SLV,"Air transport, passengers carried",IS.AIR.PSGR,138200.0,146000.0,140000.0,147000.0,155000.0,160000.0,170000.0,210600.0,225300.0,257800.0,264600.0,241800.0,254800.0,265500.0,360200.0,395000.0,467600.0,444100.0,448500.0,617800.0,524900.0,577400.0,682900.0,1242500.0,1617100.0,1698000.0,1800000.0,1700600.0,1694000.0,1624100.0,1960363.0,1692334.0,1804307.0,2182463.0,2391159.0,2540564.0,2579145.0,2536820.0,2279763.0,1996982.0,1816391.10383349,2151274.0,2523296.0,2509003.0,2816524.0,2597649.0,2603129.0,2670560.0,2545105.0,2609917.0,805271.999,1412026.0,2390600.0,3263923.0
215,Sub-Saharan Africa (excluding high income),SSA,"Air transport, passengers carried",IS.AIR.PSGR,4353700.0,4750300.0,5071700.0,5952100.0,6543100.0,7076300.0,8280400.0,8522900.0,9541700.0,11081900.0,12761600.0,13868100.0,13878600.0,13974900.0,14274400.0,14523400.0,13368400.0,13505300.0,14042200.0,13883300.0,13945700.0,13330600.0,12516600.0,12881700.0,13928800.0,14304700.0,14918100.0,15320800.0,15083800.0,15913400.0,16574427.0,15726021.0,14913644.0,16353104.0,18302389.0,21453942.0,23510000.0,24367810.0,24795483.0,24270271.0,34431773.1379019,37813524.7101941,40171724.9371228,37774404.818,37699134.115098,40278717.0,40873275.0,44060935.08,52995285.3600062,53191029.920235,19405309.602,24279553.692,34958014.4,41446671.592
217,Sub-Saharan Africa,SSF,"Air transport, passengers carried",IS.AIR.PSGR,4585300.0,5013400.0,5360200.0,6261300.0,6811800.0,7320600.0,8580400.0,8761000.0,9739500.0,11291300.0,13019500.0,14210700.0,14279000.0,14397500.0,14786200.0,15179600.0,14090900.0,14322400.0,14862300.0,14713200.0,14808400.0,14208800.0,13512500.0,13923000.0,14942600.0,15368600.0,16034300.0,16477400.0,16242300.0,17122000.0,17912857.0,17173516.0,16535011.0,17883529.0,20167567.0,23620094.0,25775571.0,27232504.0,28096606.0,27748907.0,38191509.1379019,42648276.401034,45408840.8023684,43790341.818,44380996.115098,47850992.0,49683303.0,54260831.08,64951730.3600062,66236333.920235,24494981.602,31483072.692,45945492.4,56956842.592
220,Suriname,SUR,"Air transport, passengers carried",IS.AIR.PSGR,,,,,,,50000.0,53000.0,120000.0,146400.0,144000.0,144000.0,107000.0,106000.0,117000.0,108000.0,89200.0,110400.0,135000.0,132500.0,132500.0,150000.0,123000.0,96000.0,148900.0,161800.0,194700.0,278800.0,277700.0,307500.0,232649.0,202899.0,191094.0,258311.0,289309.0,315410.0,306504.0,324821.0,329788.0,303117.0,214667.0,204096.675971812,240525.441452855,255204.0,269148.0,259682.0,280090.0,284935.0,272347.0,236601.0,221654.0,20181.0,122617.0,149672.0
223,Sweden,SWE,"Air transport, passengers carried",IS.AIR.PSGR,2550000.0,2913800.0,3014000.0,3225900.0,3350300.0,3464700.0,3908900.0,3851800.0,4360900.0,5193400.0,5209400.0,5632000.0,6091100.0,6590800.0,7335200.0,7609600.0,8713900.0,9428800.0,10211900.0,10855000.0,11402500.0,9826800.0,9923500.0,9719000.0,10807700.0,9498000.0,9879000.0,11326900.0,11877700.0,12917600.0,13354314.0,13123426.0,12421220.0,11586025.0,11623925.0,,,,,,41153081.0,46260220.0,49192941.0,51925707.0,57789383.0,58636668.0,55672453.0,51825549.0,51473905.0,50957868.602,14105839.7975,20067143.633,15229955.0,19554551.0
226,Seychelles,SYC,"Air transport, passengers carried",IS.AIR.PSGR,,,,,,,12000.0,12000.0,12000.0,12000.0,15000.0,15000.0,65100.0,65100.0,113000.0,185000.0,195000.0,223000.0,227500.0,179100.0,242400.0,242600.0,239500.0,289300.0,297400.0,314000.0,373200.0,384300.0,368600.0,347200.0,393835.0,419967.0,518183.0,413096.0,461885.0,498836.0,545265.0,574515.0,586106.0,564580.0,412714.0,393834.0,235994.0,344436.0,407280.0,497496.0,567914.0,633518.0,455201.0,414088.0,149489.0,137565.0,217754.0,236917.0
227,Syrian Arab Republic,SYR,"Air transport, passengers carried",IS.AIR.PSGR,139000.0,145300.0,235700.0,184700.0,284300.0,370700.0,448200.0,410600.0,494700.0,433200.0,465000.0,515500.0,466400.0,486600.0,464400.0,475800.0,458600.0,390600.0,341600.0,456200.0,613300.0,661200.0,551900.0,485000.0,472100.0,563100.0,598500.0,694200.0,685400.0,668400.0,750129.0,760923.0,926850.0,907850.0,1169646.0,1239825.0,1252102.0,1371450.0,1358473.0,1342518.0,1158366.0,1433766.69473226,907927.74176397,475932.0,475932.0,17902.0,18117.0,17564.0,17896.9211653632,18456.6450466215,299469.0,672219.0,904242.0,610744.721
230,East Asia & Pacific (IDA & IBRD countries),TEA,"Air transport, passengers carried",IS.AIR.PSGR,,,,,10458800.0,11774800.0,12545500.0,13406100.0,15501800.0,17583700.0,19271100.0,22578600.0,23809200.0,23966000.0,27011600.0,29876100.0,34562200.0,39822200.0,47560600.0,43888600.0,52002100.0,57726400.0,68859100.0,76948800.0,88615600.0,104066600.0,110608300.0,107441300.0,106316600.0,105448300.0,117392048.0,131820683.0,144870039.0,145911102.0,202852010.0,220785964.0,244343650.0,277657591.0,287610282.0,326402729.0,430771969.353661,482426892.525636,525964519.872814,579440333.840183,640110151.266246,708750644.0,790446548.0,881640190.0,964270665.095903,1003417980.1326,545604200.498,516083074.028,455356320.802,921718294.487
232,Togo,TGO,"Air transport, passengers carried",IS.AIR.PSGR,29900.0,31400.0,27700.0,30000.0,33800.0,37900.0,43600.0,48900.0,55700.0,60800.0,64600.0,67600.0,69800.0,71000.0,71700.0,77500.0,78400.0,70100.0,69700.0,74000.0,76300.0,66300.0,66300.0,68200.0,69200.0,74100.0,75100.0,85500.0,90500.0,83900.0,77273.0,46364.0,,,,,,,,,663013.0,832351.156397303,745781.748091383,840948.0,426344.039920436,420875.0,475185.0,500686.0,566295.0,633629.0,320806.0,672184.0,1187471.0,2175165.332
233,Thailand,THA,"Air transport, passengers carried",IS.AIR.PSGR,764200.0,713100.0,785600.0,1021000.0,1261000.0,1616500.0,1633800.0,1331500.0,1773800.0,2088900.0,2459000.0,2834600.0,3154900.0,3357000.0,3671300.0,4065900.0,4370000.0,5179600.0,6235900.0,7364500.0,8201400.0,7708600.0,8546800.0,10196900.0,11404700.0,12771400.0,14078300.0,14235800.0,15015400.0,15950500.0,17392091.0,17662418.0,18111892.0,16622502.0,20342582.0,18902629.0,20102408.0,21191723.0,19993134.0,19618735.0,28780723.0,31940491.9838508,36392469.3545263,43029150.6,46546612.484507,56447637.0,62341676.0,70704889.0,76053042.754,76344410.0,28179302.666,12734583.0,34390036.0,51920692.0
236,Latin America & the Caribbean (IDA & IBRD countries),TLA,"Air transport, passengers carried",IS.AIR.PSGR,16844000.0,17830100.0,20090400.0,22015500.0,25843700.0,29706400.0,33027800.0,36254400.0,40006700.0,46621500.0,50802300.0,50925000.0,52614200.0,51979200.0,52942400.0,54531200.0,58676800.0,60008400.0,59505900.0,64470900.0,62937900.0,62216000.0,63335900.0,66721700.0,72301500.0,71128400.0,75346000.0,83418400.0,88239900.0,90651300.0,93639750.0,99068745.0,95813090.0,92587521.0,99215943.0,105704481.0,108594923.0,118159408.0,131727500.0,138693494.0,175872865.026943,195644076.787561,214936093.956842,232318775.071702,246692569.638564,262023503.0,264419476.0,273553611.35,290659005.923914,302747680.551081,119711410.66,186616854.562,279942987.939,314680200.616
238,"Middle East, North Africa, Afghanistan & Pakistan (IDA & IBRD)",TMN,"Air transport, passengers carried",IS.AIR.PSGR,4996400.0,5307900.0,5547100.0,6513700.0,8064400.0,10156200.0,12435100.0,14248200.0,15815100.0,15807700.0,16675900.0,17213000.0,18592200.0,20606100.0,21565200.0,21586300.0,21886400.0,23019900.0,24417200.0,25487200.0,26390100.0,24135100.0,25831400.0,24870400.0,25919700.0,26426300.0,28587500.0,32309900.0,30738600.0,31095600.0,31544038.0,40091314.0,30929333.0,37322138.0,35566121.0,36624267.0,39971463.0,41644664.0,41470684.0,43324788.0,61357712.7706611,62510145.6812856,60685403.4159418,63599011.2337263,64250755.0924703,61012644.0,67306499.0,75565653.79,75246086.9211654,77266751.2532391,31123156.245,39460765.316,65139850.893,76054114.829
240,South Asia (IDA & IBRD),TSA,"Air transport, passengers carried",IS.AIR.PSGR,2979600.0,2887900.0,3633800.0,4240100.0,3839400.0,4674400.0,5373300.0,6066800.0,7033800.0,7717800.0,7858700.0,8969400.0,10020100.0,10806000.0,11984300.0,13019700.0,13750200.0,14533700.0,15566500.0,15177500.0,13494500.0,13282200.0,13891100.0,12169700.0,14530900.0,17582700.0,16814200.0,19566400.0,19922900.0,19516700.0,21379284.0,20763520.0,21361233.0,23453249.0,28563261.0,32943015.0,45773342.0,57021399.0,54717867.0,58892398.0,70300953.8863276,80811963.8167753,79933576.6914433,84015308.4,92371330.4579924,109824144.0,130946386.0,154000765.550311,181588446.62766,182499352.675124,75515185.694,91438001.434,154600220.747,196803652.173
241,Sub-Saharan Africa (IDA & IBRD countries),TSS,"Air transport, passengers carried",IS.AIR.PSGR,4585300.0,5013400.0,5360200.0,6261300.0,6811800.0,7320600.0,8580400.0,8761000.0,9739500.0,11291300.0,13019500.0,14210700.0,14279000.0,14397500.0,14786200.0,15179600.0,14090900.0,14322400.0,14862300.0,14713200.0,14808400.0,14208800.0,13512500.0,13923000.0,14942600.0,15368600.0,16034300.0,16477400.0,16242300.0,17122000.0,17912857.0,17173516.0,16535011.0,17883529.0,20167567.0,23620094.0,25775571.0,27232504.0,28096606.0,27748907.0,38191509.1379019,42648276.401034,45408840.8023684,43790341.818,44380996.115098,47850992.0,49683303.0,54260831.08,64951730.3600062,66236333.920235,24494981.602,31483072.692,45945492.4,56956842.592
242,Trinidad and Tobago,TTO,"Air transport, passengers carried",IS.AIR.PSGR,361100.0,362400.0,319900.0,324700.0,335700.0,595000.0,683800.0,591100.0,428100.0,659200.0,877200.0,1301500.0,1380700.0,1344700.0,1398000.0,1299500.0,1342400.0,1312300.0,1296100.0,1310400.0,1285400.0,1345300.0,1354000.0,1389000.0,1642100.0,1727000.0,897200.0,807500.0,804400.0,1111700.0,1254425.0,1387639.0,1268879.0,1084186.0,1132392.0,1055106.0,1024304.0,1085650.0,1102669.0,1014016.0,1842253.0,2625055.71304041,2625055.71304041,2865852.0,2732100.0,2617843.0,2598521.0,2582961.0,2458183.0,2583595.0,677670.0,652148.0,1523315.0,2028649.0
243,Tunisia,TUN,"Air transport, passengers carried",IS.AIR.PSGR,244800.0,308900.0,375100.0,485600.0,629600.0,782000.0,809300.0,855500.0,963000.0,1088800.0,978200.0,1140900.0,1209100.0,1258100.0,1254900.0,1281600.0,1054800.0,1203300.0,1210300.0,1315400.0,1313000.0,1201200.0,1249900.0,1351000.0,1390800.0,1419400.0,1371200.0,1779300.0,1859000.0,1922600.0,1907876.0,1926118.0,1789327.0,1719524.0,1940037.0,1996699.0,2054641.0,2054679.0,2274580.0,2278964.0,2739634.0,3153388.97660989,3580910.21873467,4648608.0,4628511.0,3496190.0,3606247.0,3963968.0,4274199.0,4335325.0,1381745.0,1675777.0,3807115.0,4110265.0
244,Turkiye,TUR,"Air transport, passengers carried",IS.AIR.PSGR,1035700.0,1476000.0,1774500.0,2222800.0,1795100.0,1777800.0,2427300.0,2751700.0,2221500.0,2458400.0,1253700.0,2071300.0,2094600.0,2233600.0,2575400.0,2508000.0,2721900.0,3260900.0,3497300.0,3792300.0,4337100.0,3160000.0,4958600.0,6076800.0,6871600.0,7749000.0,8463900.0,9379900.0,9949300.0,10097300.0,12187891.0,10603908.0,10686877.0,10745444.0,14275835.0,16943828.0,19361415.0,22895275.0,25505092.0,31339441.0,45665249.0,53500303.0,63350312.0,74413804.6198675,84574844.0,96604665.0,100366461.0,107917326.0,115595495.817,111131475.0,44722690.061,69065868.0,104672089.362,125940241.0
246,Tanzania,TZA,"Air transport, passengers carried",IS.AIR.PSGR,171400.0,188000.0,196900.0,256800.0,282900.0,271700.0,310300.0,85700.0,192200.0,292300.0,387600.0,324800.0,401700.0,407100.0,498500.0,450900.0,441100.0,456100.0,410300.0,266800.0,292100.0,289700.0,216400.0,188500.0,199200.0,236400.0,224000.0,217800.0,220200.0,190000.0,193069.0,174559.0,134470.0,149540.0,243087.0,257223.0,189844.0,250849.0,202704.0,683541.0,750421.0,914932.03761187,1030203.57520377,1173942.818,1124913.454,1312807.0,1179664.0,1221678.0,1698386.0,1498093.0,823670.0,1146973.0,1823114.2,1911063.0
247,Uganda,UGA,"Air transport, passengers carried",IS.AIR.PSGR,171500.0,188000.0,165500.0,52400.0,62700.0,57600.0,73800.0,,,,82600.0,62600.0,62200.0,75100.0,49500.0,35300.0,50000.0,46000.0,61000.0,116000.0,116000.0,26300.0,31600.0,77700.0,62500.0,94600.0,100200.0,100200.0,99800.0,179400.0,39379.0,40560.0,40560.0,39749.0,45711.0,49368.0,55292.0,59715.0,63160.0,64234.0,154909.0,141603.0,182144.4,198804.0,163824.0,41812.0,52187.0,14958.0,21212.0,19822.5,4946.0,16490.0,35153.299,21650.2
249,Upper middle income,UMC,"Air transport, passengers carried",IS.AIR.PSGR,,,,,36659500.0,42164400.0,47501800.0,51859600.0,57198400.0,64491600.0,69096900.0,72024800.0,74505600.0,76772500.0,82524700.0,85886200.0,93972400.0,100668300.0,106494700.0,107542000.0,118254200.0,120166400.0,143440800.0,147866500.0,166141200.0,182640800.0,196039100.0,201464900.0,204792100.0,206433700.0,224239108.0,245198959.0,250625959.0,259919293.0,321710104.0,349377401.0,381514679.0,422872031.0,443914429.0,491984272.0,641093899.824528,711729121.28823,778626926.483586,856359982.696571,925571963.349623,1015013145.0,1097628472.0,1216726115.79,1319414931.65775,1357362972.27612,685149771.46,768105896.173,771954178.076,1282440974.802
251,United States,USA,"Air transport, passengers carried",IS.AIR.PSGR,163448992.0,174143104.0,191325408.0,202309200.0,207612400.0,204900400.0,223017296.0,240144992.0,273025504.0,313624000.0,295329088.0,281086400.0,290992608.0,315600096.0,340191488.0,372059104.0,414554496.0,441832704.0,454202912.0,453161504.0,464574016.0,452015904.0,466964992.0,469926112.0,514924000.0,533512096.0,571072000.0,590571392.0,588170880.0,634364608.0,665327414.0,622187846.0,598410415.0,588997110.0,678110608.0,720547738.0,725530965.0,744302310.0,701779551.0,679423408.0,720497000.0,730796000.0,736699000.0,743171000.0,762710000.0,798222000.0,824039000.0,849403000.0,889024000.0,926737000.0,369501000.0,666153000.0,852828000.0,941557000.0
254,"Venezuela, RB",VEN,"Air transport, passengers carried",IS.AIR.PSGR,1253300.0,1301600.0,1511000.0,1765900.0,1981500.0,2355200.0,2708400.0,3500600.0,4042700.0,4771700.0,5133300.0,5147000.0,5667200.0,5000200.0,4570800.0,4966500.0,5790900.0,6454100.0,8383800.0,10098800.0,6846800.0,6795200.0,7149400.0,6813900.0,5266800.0,4445000.0,4487400.0,4020300.0,3736600.0,4690000.0,4295000.0,9452434.0,6369455.0,3889929.0,4943887.0,5043028.0,5225573.0,5495292.0,5766973.0,5121009.0,6428163.0,7728281.25393288,7738509.64544939,6866780.59935996,7888722.39935996,7086072.0,6025475.0,4209158.0,2217407.0,1516839.0,283524.0,265276.0,1373948.0,1783667.0
257,Viet Nam,VNM,"Air transport, passengers carried",IS.AIR.PSGR,1525600.0,1051300.0,854400.0,664700.0,552600.0,165000.0,,,,,6000.0,27000.0,27000.0,11500.0,74000.0,84000.0,88000.0,87000.0,87800.0,88200.0,89000.0,198000.0,204200.0,1200000.0,1670000.0,2290000.0,2107500.0,2527300.0,2303500.0,2600000.0,2877894.0,3427176.0,4038133.0,3969320.0,5049706.0,5453683.0,5283831.0,7194443.0,9991145.0,11073604.0,14377619.0,16544477.8301699,16976051.3812163,20429309.908,23826013.272,29944771.0,37349272.0,42592762.0,47049671.0,53227026.0,31771202.0,14754847.0,48674423.0,55114832.0
258,Vanuatu,VUT,"Air transport, passengers carried",IS.AIR.PSGR,,,,,,,,,,,,,16800.0,24600.0,16700.0,14400.0,15300.0,16600.0,18500.0,18500.0,18500.0,53000.0,59200.0,66700.0,70400.0,65600.0,72800.0,75000.0,88700.0,86000.0,101503.0,97471.0,104294.0,83151.0,103939.0,112254.0,116744.0,122581.0,120742.0,112169.0,247944.0,240396.437704341,318747.0,327060.0,320232.0,272332.0,299315.0,341110.0,374603.0,466865.053133403,136360.0,128164.0,232524.684,359289.984
259,World,WLD,"Air transport, passengers carried",IS.AIR.PSGR,310441392.0,331604904.0,,401571800.0,421145200.0,432276500.0,471773396.0,513269292.0,576090004.0,648400600.0,641872888.0,640619400.0,654482108.0,685101596.0,732410288.0,783198104.0,842594296.0,904838104.0,953896012.0,983208800.0,1024976616.0,1133228204.0,1145436692.0,1142265216.0,1233233404.0,1302891640.1,1390963704.0,1455104192.0,1466961780.0,1562256300.0,1674064712.0,1655230214.0,1627404873.0,1665309283.0,1888695284.0,1969590799.0,2072413898.0,2209136496.0,2208218737.0,2249728546.0,2669414339.20994,2833214050.18207,2943247912.56489,3100200780.17267,3285080769.47589,3525115153.0,3760774350.0,4025616011.77031,4293921426.12931,4455690101.02828,1771894087.0245,2279974770.123,3230288279.667,4268984474.03796
262,"Yemen, Rep.",YEM,"Air transport, passengers carried",IS.AIR.PSGR,25900.0,54500.0,57000.0,61500.0,66500.0,70000.0,262800.0,275000.0,295000.0,295000.0,310000.0,310000.0,352100.0,465900.0,455800.0,426200.0,589700.0,575500.0,635500.0,667900.0,671100.0,540500.0,800400.0,847900.0,790600.0,375000.0,587500.0,706900.0,765000.0,731000.0,841609.0,841366.0,869296.0,844284.0,1022079.0,1083404.0,1162316.0,1073493.0,1064878.0,1050486.0,1536556.0,1492073.32859812,1299707.2391082,1664220.0,1665552.0,443685.0,242723.0,132571.0,336310.0,,52034.893,52034.893,51357.293,618613.038
263,South Africa,ZAF,"Air transport, passengers carried",IS.AIR.PSGR,1519000.0,1659500.0,1868100.0,2313800.0,2763600.0,2936400.0,2998800.0,3076800.0,3211200.0,3783700.0,4116000.0,4159800.0,4091200.0,3951800.0,4461400.0,4337300.0,3825000.0,4386900.0,5125900.0,5641500.0,5364900.0,4818600.0,4685000.0,5581500.0,5801600.0,6395500.0,7183100.0,7274200.0,6479500.0,7403800.0,8000757.0,7948374.0,8052660.0,9159815.0,9878598.0,11844657.0,12932671.0,12870324.0,13135437.0,12503629.0,15781210.0,16407784.9571682,17571565.2032155,16311250.0,17026643.2191223,18882898.0,19744932.0,20821044.0,24660386.0,26211258.0,8304771.044,9321575.836,12133966.35,15454595.699
264,Zambia,ZMB,"Air transport, passengers carried",IS.AIR.PSGR,187800.0,214200.0,230100.0,230600.0,240600.0,232600.0,256800.0,299400.0,317100.0,295700.0,257400.0,278300.0,253100.0,236700.0,245600.0,253900.0,237700.0,257900.0,303500.0,365300.0,407200.0,292500.0,246000.0,219000.0,234700.0,,,49600.0,48800.0,77700.0,89628.0,48517.0,47075.0,50977.0,49888.0,53880.0,58679.0,61589.0,62467.0,,260502.0,306034.3,127296.65,10032.0,8592.0,203617.0,144060.0,154573.0,16633.1389415488,17505.6896363636,8717.833,136609.957,228650.645,321738.797
265,Zimbabwe,ZWE,"Air transport, passengers carried",IS.AIR.PSGR,267400.0,291300.0,315000.0,340000.0,,,,,,,412300.0,535200.0,448600.0,449200.0,440700.0,453100.0,451500.0,459900.0,525100.0,583400.0,601300.0,740200.0,677900.0,594600.0,675300.0,625700.0,653700.0,790100.0,788900.0,651000.0,607976.0,308096.0,250532.0,200857.0,225021.0,243022.0,239045.0,254783.0,264404.0,261480.0,258828.0,279347.618391502,320945.999810999,351564.0,301260.0,370165.0,378803.0,282539.0,282539.0,,324226.537,75638.12,75543.792,92494.376
